"Nome Produto";"Nº Produto";"Produto Ativo";"Cód. Produto";Fabricante;"Categoria de Produto";Fornecedor;"Sub Categoria";"Cód. Fornecedor";Website;"Ficha do Produto";"Cód. Fabricante";"Plano de Contas";"Data Criação";"Criado Por";"Data Modificação";"Última Edição";"Comprimento (mm)";"Largura (mm)";"Espessura (mm)";"Preço Unitário";"Preço Custo";"Categoria de Impostos";"Comissão %";"Unidade Utilizada";"Qtd. Uni";"Qtd. Stock";"Nível Reabastecimento";Responsável;"Qtd. Última Compra";"Imagem Produto";Descrição;"Detalhe "
"Caneta Laranja";PRO0003;1;;"Fam Art";"Para Profissionais";;Canetas;;;;5418;;"24-01-2024 21:47:04";admin;"13-11-2025 17:50:42";marcop;0;;;0.7;;;0;Each;1.00;573.000;0;admin;0;caneta-laranja.png;;"Descubra a Esferográfica Trocum, a caneta perfeita para quem valoriza elegância e funcionalidade no dia a dia. Com seu design bicolor e acabamento em alumínio, oferece conforto e estilo ao escrever.

Material: Alumínio
Mecanismo: Pulsador
Design: Elegante de duas cores
Versões de cor: Variedade
Clipe: Original
Detalhes: Anéis e ponta prateados
Cartucho: Jumbo
Tinta: Azul
Carga: Jumbo
A Esferográfica Trocum é uma excelente escolha para quem procura uma caneta de alta qualidade e durabilidade. Feita em alumínio resistente, é ideal tanto para uso pessoal quanto profissional. Sua tinta azul assegura uma escrita fluída e contínua, enquanto o mecanismo pulsador garante praticidade. O design sofisticado com clipe original e detalhes prateados realça sua beleza, fazendo da Esferográfica Trocum um objeto de destaque na categoria de escrita. Perfeita para o ambiente corporativo, escolar ou para o seu dia a dia, ela certamente adicionará um toque de classe as suas anotações. Escolha a cor que mais combina com seu estilo e deixe que a Esferográfica Trocum seja sua companheira de confiança para registrar momentos importantes"
"Caneta Vermelha";PRO0004;1;;"Fam Art";"Para Profissionais";;Canetas;;;;5418;;"25-01-2024 14:25:31";admin;"08-04-2026 11:01:28";marcop;0;;;0.7;0.27;;0;Each;1.00;'-8.000;0;admin;0;caneta-vermelha.png;;"Descubra a Esferográfica Trocum, a caneta perfeita para quem valoriza elegância e funcionalidade no dia a dia. Com seu design bicolor e acabamento em alumínio, oferece conforto e estilo ao escrever.

Material: Alumínio
Mecanismo: Pulsador
Design: Elegante de duas cores
Versões de cor: Variedade
Clipe: Original
Detalhes: Anéis e ponta prateados
Cartucho: Jumbo
Tinta: Azul
Carga: Jumbo
A Esferográfica Trocum é uma excelente escolha para quem procura uma caneta de alta qualidade e durabilidade. Feita em alumínio resistente, é ideal tanto para uso pessoal quanto profissional. Sua tinta azul assegura uma escrita fluída e contínua, enquanto o mecanismo pulsador garante praticidade. O design sofisticado com clipe original e detalhes prateados realça sua beleza, fazendo da Esferográfica Trocum um objeto de destaque na categoria de escrita. Perfeita para o ambiente corporativo, escolar ou para o seu dia a dia, ela certamente adicionará um toque de classe as suas anotações. Escolha a cor que mais combina com seu estilo e deixe que a Esferográfica Trocum seja sua companheira de confiança para registrar momentos importantes"
"Caneta Azul";PRO0005;1;;"Fam Art";"Para Profissionais";;Canetas;;;;5418;;"25-01-2024 14:25:47";admin;"11-06-2026 10:48:01";marcop;0;;;0.7;;;0;Each;1.00;'-65.000;0;admin;0;caneta-azul.png;;"Descubra a Esferográfica Trocum, a caneta perfeita para quem valoriza elegância e funcionalidade no dia a dia. Com seu design bicolor e acabamento em alumínio, oferece conforto e estilo ao escrever.

Material: Alumínio
Mecanismo: Pulsador
Design: Elegante de duas cores
Versões de cor: Variedade
Clipe: Original
Detalhes: Anéis e ponta prateados
Cartucho: Jumbo
Tinta: Azul
Carga: Jumbo
A Esferográfica Trocum é uma excelente escolha para quem procura uma caneta de alta qualidade e durabilidade. Feita em alumínio resistente, é ideal tanto para uso pessoal quanto profissional. Sua tinta azul assegura uma escrita fluída e contínua, enquanto o mecanismo pulsador garante praticidade. O design sofisticado com clipe original e detalhes prateados realça sua beleza, fazendo da Esferográfica Trocum um objeto de destaque na categoria de escrita. Perfeita para o ambiente corporativo, escolar ou para o seu dia a dia, ela certamente adicionará um toque de classe as suas anotações. Escolha a cor que mais combina com seu estilo e deixe que a Esferográfica Trocum seja sua companheira de confiança para registrar momentos importantes"
"Caneta Preta";PRO0006;1;;"Fam Art";"Para Profissionais";;Canetas;;;;5418;;"25-01-2024 14:26:03";admin;"11-03-2026 11:49:04";marcop;0;;;0.7;;;0;Each;1.00;263.000;0;admin;0;caneta-preta.png;;"Descubra a Esferográfica Trocum, a caneta perfeita para quem valoriza elegância e funcionalidade no dia a dia. Com seu design bicolor e acabamento em alumínio, oferece conforto e estilo ao escrever.

Material: Alumínio
Mecanismo: Pulsador
Design: Elegante de duas cores
Versões de cor: Variedade
Clipe: Original
Detalhes: Anéis e ponta prateados
Cartucho: Jumbo
Tinta: Azul
Carga: Jumbo
A Esferográfica Trocum é uma excelente escolha para quem procura uma caneta de alta qualidade e durabilidade. Feita em alumínio resistente, é ideal tanto para uso pessoal quanto profissional. Sua tinta azul assegura uma escrita fluída e contínua, enquanto o mecanismo pulsador garante praticidade. O design sofisticado com clipe original e detalhes prateados realça sua beleza, fazendo da Esferográfica Trocum um objeto de destaque na categoria de escrita. Perfeita para o ambiente corporativo, escolar ou para o seu dia a dia, ela certamente adicionará um toque de classe as suas anotações. Escolha a cor que mais combina com seu estilo e deixe que a Esferográfica Trocum seja sua companheira de confiança para registrar momentos importantes"
"Coração C/ Íman";PRO0007;1;;"Fam Art";Outros;;Iman;;;;;;"25-01-2024 16:08:08";admin;"04-02-2024 17:48:55";marcop;90;80;3;1.2;;;0;Each;1.00;999880.000;0;admin;0;Imagem-WhatsApp-2024-01-22-__s-20.25.33_50d8f87b.jpg;;
"Iman N2 Modelo 1";PRO0008;1;;"Fam Art";Outros;;Iman;;;;;;"25-01-2024 22:12:12";admin;"04-02-2024 17:48:55";marcop;0;;;2.5;1.5;;0;Each;1.00;999990.000;0;admin;0;;"Imanes Para N2";
"Iman N2 Modelo 2";PRO0009;1;;"Fam Art";Outros;;Iman;;;;;;"26-01-2024 13:17:09";admin;"04-02-2024 17:48:55";marcop;0;;;2.5;1.5;;0;Each;1.00;999987.000;0;admin;0;;"Imanes Para N2";
"Iman N2 Modelo 3";PRO0010;1;;"Fam Art";Outros;;Iman;;;;;;"26-01-2024 13:17:20";admin;"04-02-2024 17:48:55";marcop;0;;;2.5;1.5;;0;Each;1.00;999987.000;0;admin;0;;"Imanes Para N2";
"Iman N2 Modelo 4";PRO0011;1;;"Fam Art";Outros;;Iman;;;;;;"26-01-2024 13:17:40";admin;"04-02-2024 17:48:55";marcop;0;;;2.5;1.5;;0;Each;1.00;999987.000;0;admin;0;;"Imanes Para N2";
"MOLDURA LED C/ ACRILICO";PRO0012;1;;"Fam Art";"Eventos Diversos";;"Dia dos Namorados";;;;MOLLED2C;;"26-01-2024 13:23:29";admin;"14-02-2026 10:14:17";marcop;230;170;;30;11.43;;0;Each;1.00;'-3.000;0;admin;0;Moldura-de-Acrilico.png;;"MOLDURA LED 17X23 COM ACRILICO
Moldura LED com acrílico para gravação a laser
Utilize o acrílico para transformar a moldura numa autêntica obra de arte. Versátil o suficiente para colocar em mesas(apoio incluído), como luz noturna, como parte da decoração de férias, etc.

Dimensões: 17x23 cm
Material: Madeira Polida
Cor do LED: Amarelo(warm)
Lifespan do LED: 10000horas
Controlo: InterruptorAlimentação: Cabo USB(incorporado) Transformador não incluído
Apoio para moldura incluído.
Acrílico Incluído.Embalamento: Vendido em caixa de cartão individual"
"Placa A5 c/tripe Fna";PRO0013;1;;"Fam Art";"Eventos Diversos";;Placas;;;;;;"26-01-2024 13:43:13";admin;"23-05-2026 17:29:57";marcop;0;;;3.5;;;0;Each;1.00;999978.000;0;admin;0;FNA-c-tripe.png;;
"Placa A4 c/tripe Fna";PRO0014;1;;"Fam Art";"Eventos Diversos";;Placas;;;;;;"26-01-2024 13:43:29";admin;"07-08-2025 16:20:12";marcop;0;;;4;;;0;Each;1.00;999983.000;0;admin;0;;;
"Placa A6 c/tripe Fna";PRO0015;1;;"Fam Art";"Eventos Diversos";;Placas;;;;;;"26-01-2024 13:43:44";admin;"23-05-2026 17:29:53";marcop;0;;;2.5;;;0;Each;1.00;999870.000;0;admin;0;;;
"Identificadores de Animais Pequenos Osso";PRO0016;1;;"Fam Art";"Especial Patudos";;"Chapinhas Identificação";;;;;;"26-01-2024 13:48:07";admin;"08-11-2024 23:14:10";marcop;0;;;4;;;0;Each;1.00;999985.000;0;admin;0;chapinhas.png;"Formatos disponiveis:
<ul>
	<li><b>Osso</b></li>
	<li><b>Circulo</b></li>
	<li><b>Coração</b></li>
</ul>
Diversas cores disponiveis";
"Identificadores de Animais Media Osso";PRO0017;1;;"Fam Art";"Especial Patudos";;"Chapinhas Identificação";;;;;;"26-01-2024 13:48:53";admin;"17-01-2025 17:12:42";marcop;0;;;5.5;;;0;Each;1.00;999999.000;0;admin;0;chapinhas.png;"Formatos disponiveis:
<ul>
	<li><b>Osso</b></li>
	<li><b>Coração</b></li>
</ul>
Diversas cores disponiveis";
"Quadros Forma Coração";PRO0018;1;;"Fam Art";"Eventos Diversos";;"Dia da Mãe";;;;;;"26-01-2024 15:55:05";admin;"05-02-2024 15:38:35";marcop;0;;;15;;;0;Each;1.00;999984.000;0;admin;0;cor.png;;
"Suporte Velas Modelo 1";PRO0019;1;;"Fam Art";Outros;;Decoração;;;;;;"26-01-2024 15:55:40";admin;"05-02-2024 15:38:22";marcop;0;;;10;;;0;Each;1.00;999994.000;0;admin;0;suporte-Vela.png;;
"Bola de Natal Modelo 2";PRO0020;1;;"Fam Art";"Eventos Diversos";;Natal;;;;;;"26-01-2024 15:56:08";admin;"23-12-2025 18:17:17";josep;0;;;2.55;;;0;Each;1.00;999970.000;0;admin;0;M2.png;;
"Milestones Geral";PRO0021;1;;"Fam Art";"Eventos Diversos";;Recém-nascidos;;;;;;"26-01-2024 16:13:51";admin;"13-06-2024 14:53:45";marcop;0;;;23;;;0;Each;1.00;999869.000;0;admin;0;etap.png;;"Vários modelos e cores disponiveis"
"Placa c/ Martelo";PRO0022;1;;"Fam Art";"Eventos Diversos";;"Dia dos Namorados";;;;;;"27-01-2024 10:01:58";admin;"14-10-2025 12:21:21";marcop;0;;;17;;;0;Each;1.00;999989.000;0;admin;0;Martelo.png;;
"Pulseira c/ 5 Trevos Brancos";PRO0026;1;;Imortalis;Joias;;Pulseiras;;;;;;"27-01-2024 22:10:11";admin;"03-10-2025 17:26:39";marcop;0;;;10.99;10.99;;0;Each;1.00;4.000;0;admin;0;IMG_4988.jpeg;;
"Pulseira c/ coração inox";PRO0027;1;;Imortalis;Joias;;Pulseiras;;;;;;"28-01-2024 15:48:25";admin;"09-06-2025 15:48:32";marcop;0;;;7.99;;;0;Each;1.00;1.000;0;admin;0;IMG_4979.jpeg;;
"Pulseira Argola Dourado";PRO0028;1;;Imortalis;Joias;;Pulseiras;;;;;;"28-01-2024 15:50:24";admin;"13-02-2024 17:54:59";marcop;0;;;10.99;;;0;Each;1.00;0.000;0;admin;0;IMG_4996.jpeg,IMG_4995.jpeg;;
"Pulseira Argola Prateado";PRO0029;1;;Imortalis;Joias;;Pulseiras;;;;;;"28-01-2024 15:51:18";admin;"13-02-2024 17:54:46";marcop;0;;;8.99;;;0;Each;1.00;1.000;0;admin;0;IMG_4994.jpeg,IMG_4993.jpeg;;
"Broche Ananás";PRO0030;1;;Imortalis;Joias;;Acessórios;;;;;;"28-01-2024 15:53:46";admin;"04-02-2024 17:57:51";marcop;0;;;9.99;;;0;Each;1.00;1000000.000;0;admin;0;IMG_4999.jpeg;;
"Alfinete Gravata";PRO0031;1;;Imortalis;Joias;;Acessórios;;;;;;"28-01-2024 15:55:08";admin;"06-05-2024 19:17:23";marcop;0;;;10.99;;;0;Each;1.00;'-1.000;0;admin;0;IMG_5015.jpeg;;
"Brincos de argolas";PRO0032;1;;Imortalis;Joias;;Brincos;;;;;;"28-01-2024 15:56:28";admin;"13-02-2024 18:31:16";marcop;0;;;12.99;;;0;Each;1.00;1.000;0;admin;0;IMG_4959.jpeg;;
"Brincos Trevo Brancos";PRO0033;1;;Imortalis;Joias;;Brincos;;;;;;"28-01-2024 17:30:06";admin;"01-05-2025 11:26:20";josep;0;;;10.99;;;0;Each;1.00;4.000;0;admin;0;IMG_4956.jpeg;;
"Brincos Standard Pérola Branca c/ Rebordo dourado";PRO0034;1;;Imortalis;Joias;;Brincos;;;;;;"28-01-2024 17:33:49";admin;"13-02-2024 18:20:41";marcop;0;;;4.99;;;0;Each;1.00;1.000;0;admin;0;IMG_4968.jpeg;;
"Pulseira c/ 3 círculos 1 c/ Brilhantes Prateada";PRO0035;1;;Imortalis;Joias;;Pulseiras;;;;;;"28-01-2024 17:36:00";admin;"13-02-2024 17:53:35";marcop;0;;;7.99;;;0;Each;1.00;0.000;0;admin;0;IMG_4982.jpeg;;
"Colar c/ trevos brancos duplo";PRO0036;1;;Imortalis;Joias;;Colares;;;;;;"28-01-2024 17:49:48";admin;"13-02-2024 18:02:10";marcop;0;;;15.99;;;0;Each;1.00;0.000;0;admin;0;IMG_4949.jpeg;;
"Conjunto Colar e Brincos Redondos c/ Brilhantes";PRO0037;1;;Imortalis;Joias;;Conjuntos;;;;;;"28-01-2024 17:51:17";admin;"13-02-2024 18:06:47";marcop;0;;;8.99;;;0;Each;1.00;0.000;0;admin;0;IMG_4932.jpeg;;
"Pulseira dourada c/ árvore da vida c/ brilhantes";PRO0038;1;;Imortalis;Joias;;Pulseiras;;;;;;"28-01-2024 17:53:28";admin;"13-02-2024 17:52:34";marcop;0;;;8.99;;;0;Each;1.00;0.000;0;admin;0;IMG_4985.jpeg;;
"Conjunto Colar e Brincos olho turco c/ brilhantes dourado";PRO0039;1;;Imortalis;Joias;;Conjuntos;;;;;;"28-01-2024 17:54:57";admin;"13-02-2024 18:09:21";marcop;0;;;8.99;;;0;Each;1.00;0.000;0;admin;0;IMG_4930.jpeg;;
"Conjunto Colar e Brincos Prateado c/ Trevo e Brilhantes";PRO0040;1;;Imortalis;Joias;;Conjuntos;;;;;;"28-01-2024 17:56:16";admin;"13-02-2024 18:09:02";marcop;0;;;8.99;;;0;Each;1.00;0.000;0;admin;0;IMG_4938.jpeg;;
"Placa Padrinhos A4";PRO0041;1;;"Fam Art";Batizados;;Placas;;;;;;"30-01-2024 10:50:55";admin;"16-07-2024 16:08:33";marcop;230;270;3;10.99;;;0;Each;1.00;999993.000;0;admin;0;padrinhos.png;;
"Imans Vizela Gravados";PRO0042;1;;"Fam Art";Outros;;Iman;;;;;;"31-01-2024 12:10:35";admin;"03-02-2025 16:27:04";marcop;0;;;1.35;1.1;;0;Each;1.00;'-605.000;0;admin;0;Imagem-WhatsApp-2023-12-13-__s-23.05.56_26c4f5cf.jpg;;
"Conjunto Colar e Brincos c/ trevo e brilhantes dourado";PRO0043;1;;Imortalis;Joias;;Conjuntos;;;;;;"01-02-2024 09:41:18";marcop;"23-02-2024 15:47:28";marcop;0;;;8.99;;;0;Each;1.00;0.000;0;admin;0;IMG_4936.JPEG;;
"Pulseira c/ Arvores da Vida Pequenas";PRO0044;1;;Imortalis;Joias;;Pulseiras;;;;;;"01-02-2024 15:32:09";marcop;"26-08-2024 17:40:10";marcop;0;;;8.99;;;0;Each;1.00;0.000;0;admin;0;IMG_4977.JPEG;;
"Brincos Standard Pérola Branca Simples Dourado";PRO0045;1;;Imortalis;Joias;;Brincos;;;;;;"01-02-2024 15:37:33";marcop;"13-02-2024 18:23:04";marcop;0;;;4.99;;;0;Each;1.00;2.000;0;admin;0;IMG_4965.JPEG;;
"Prendedor Gravata";PRO0046;1;;Imortalis;Joias;;Diversos;;;;;;"01-02-2024 18:30:02";marcop;"05-02-2024 15:51:18";marcop;0;;;11.99;;;0;Each;1.00;1000000.000;0;marcop;0;IMG_5015.JPEG;;
"Portes Envio Fam Art";PRO0047;1;;"Fam Art";Outros;;Portes;;;;;;"01-02-2024 18:53:05";marcop;"05-02-2024 15:39:50";marcop;0;;;;;;0;Each;1.00;3.000;0;marcop;0;;;
"Portes Envio Imortalis";PRO0048;1;;Imortalis;Joias;;Portes;;;;;;"01-02-2024 18:53:23";marcop;"05-02-2024 15:51:36";marcop;0;;;;;;0;Each;1.00;0.000;0;marcop;0;;;
"Diversos Fam Art";PRO0049;1;;"Fam Art";Outros;;Diversos;;;;;;"01-02-2024 19:11:40";marcop;"28-07-2026 09:42:48";marcop;0;;;;;;0;Each;1.00;'-559.000;0;marcop;0;;;
"Diversos Imortalis";PRO0050;1;;Imortalis;Joias;;Diversos;;;;;;"01-02-2024 19:12:31";marcop;"05-02-2024 15:51:18";marcop;0;;;;;;0;Each;1.00;0.000;0;marcop;0;;;
"Corte / Gravação";PRO0051;1;;"Fam Art";Outros;;"Gravação / Corte";;;;;;"01-02-2024 20:03:35";marcop;"01-07-2026 16:11:47";marcop;0;;;0.8;;;0;Minuto;1.00;979954.000;0;marcop;0;;;
Pipos;PRO0052;1;;"Fam Art";Outros;;"Gravação / Corte";;;;;;"01-02-2024 20:04:55";marcop;"19-03-2026 20:12:16";marcop;0;;;10;;;0;Each;1.00;999914.000;0;marcop;0;;;
"Chaveiro c/ suporte cartas";PRO0053;1;;"Fam Art";Outros;;Chaveiro;;;;;;"01-02-2024 20:10:03";marcop;"22-09-2025 16:02:30";marcop;0;;;13;;;0;Each;1.00;999995.000;0;marcop;0;Chaveiro.png;;
"Bola de Natal Modelo 4";PRO0054;1;;"Fam Art";"Eventos Diversos";;Natal;;;;;;"01-02-2024 20:17:45";marcop;"10-12-2025 20:14:09";marcop;0;;;3.2;;;0;Each;1.00;999972.000;0;admin;0;M4.png;;
"Colar Premium c/ Retângulo";PRO0055;1;;Imortalis;Joias;;Colares;;;;;;"01-02-2024 21:46:37";marcop;"06-08-2024 15:37:42";marcop;0;;;14.99;;;0;Each;1.00;'-5.000;0;marcop;0;ccolar.png;;
Puzzle;PRO0056;1;;"Fam Art";"Eventos Diversos";;"Dia dos Namorados";;;;;;"01-02-2024 21:51:06";marcop;"21-04-2026 22:00:43";marcop;500;400;3;;;;0;Each;1.00;999991.000;0;marcop;0;puzzle.png;;
"Arco 250mm";PRO0057;1;;"Fam Art";Outros;;"Gravação / Corte";;;;"ne do crochê";;"01-02-2024 22:51:37";marcop;"05-02-2024 15:43:42";marcop;250;250;3;3;;;0;Each;1.00;999996.000;0;marcop;0;;;
"Corte Nomes";PRO0058;1;;"Fam Art";Outros;;"Gravação / Corte";;;;"ne do crochê";;"01-02-2024 22:53:07";marcop;"03-09-2025 20:26:55";marcop;250;250;0.75;1.1;;;0;Each;1.00;999967.000;0;marcop;0;;;
"Cartão Inox";PRO0059;1;;"Fam Art";Outros;;"Cartões Visita";;;;;;"01-02-2024 23:00:05";marcop;"05-02-2024 15:45:49";marcop;0;;;5;;;0;Each;1.00;999998.000;0;marcop;0;;;
"Bola de Natal Modelo 1";PRO0060;1;;"Fam Art";"Eventos Diversos";;Natal;;;;;;"01-02-2024 23:12:34";marcop;"23-12-2025 16:08:13";josep;0;;;2.3;;;0;Each;1.00;999670.000;0;admin;0;M1.png;;
"Bola de Natal Modelo 3";PRO0061;1;;"Fam Art";"Eventos Diversos";;Natal;;;;;;"01-02-2024 23:13:10";marcop;"20-12-2025 17:52:09";josep;0;;;2.55;;;0;Each;1.00;999922.000;0;admin;0;M3.png;;
"Bola de Natal Modelo 5";PRO0062;1;;"Fam Art";"Eventos Diversos";;Natal;;;;;;"01-02-2024 23:13:26";marcop;"20-12-2025 17:29:47";josep;0;;;3.5;;;0;Each;1.00;999895.000;0;admin;0;M5.png;;
"Bola de Natal Modelo 1 Animais";PRO0063;1;;"Fam Art";"Eventos Diversos";;Natal;;;;;;"01-02-2024 23:13:41";marcop;"04-12-2025 12:49:14";marcop;0;;;2.55;;;0;Each;1.00;999974.000;0;admin;0;Animais.png;;
"Bola de Natal Modelo 1 Cores";PRO0064;1;;"Fam Art";"Eventos Diversos";;Natal;;;;;;"01-02-2024 23:15:30";marcop;"04-02-2024 17:59:27";marcop;0;;;3;;;0;Each;1.00;999969.000;0;admin;0;;;
"Nome Preto 1000mm";PRO0065;1;;"Fam Art";Outros;;"Gravação / Corte";;;;;;"01-02-2024 23:27:19";marcop;"05-02-2024 15:41:27";marcop;1000;;3;20;;;0;Each;1.00;999997.000;0;marcop;0;;;
"Quadro C/ Gravação";PRO0066;1;;"Fam Art";Outros;;Decoração;;;;;;"01-02-2024 23:27:54";marcop;"09-06-2025 16:44:32";marcop;500;300;3;;;;0;Each;1.00;999991.000;0;marcop;0;Imagem-WhatsApp-2023-12-11-__s-21.40.26_c0324dbd.jpg;;
"Arvore da Vida Silhueta";PRO0067;1;;"Fam Art";Outros;;Decoração;;;;;;"01-02-2024 23:34:08";marcop;"03-07-2024 19:32:27";marcop;0;;3;16;;;0;Each;1.00;999996.000;0;marcop;0;Arvore-da-Vida.png;;
"Certificados A4";PRO0068;1;;"Fam Art";"Eventos Diversos";;Placas;;;;;;"01-02-2024 23:43:58";marcop;"05-02-2024 15:37:38";marcop;0;;;17;;;0;Each;1.00;999995.000;0;marcop;0;Imagem-WhatsApp-2024-01-08-__s-18.20.19_70311ed6.jpg;;
"Colar c/ chapa signo";PRO0069;1;;Imortalis;Joias;;Colares;;;;;;"02-02-2024 16:20:24";marcop;"04-02-2024 17:09:00";marcop;0;;;7.99;;;0;Each;1.00;999998.000;0;marcop;0;Captura-de-ecr__-2024-02-02-161933.png;;
"Pulseira c/ chapa signo";PRO0070;1;;Imortalis;Joias;;Pulseiras;;;;;;"02-02-2024 16:23:23";marcop;"05-02-2024 19:52:16";marcop;0;;;7.99;;;0;Each;1.00;999999.000;0;admin;0;Captura-de-ecr__-2024-02-02-162228.png;;
"Pulseira c/ coração e brilhantes prateada";PRO0071;1;;Imortalis;Joias;;Pulseiras;;;;;;"02-02-2024 16:26:55";marcop;"04-02-2024 17:07:49";marcop;0;;;8.99;;;0;Each;1.00;0.000;0;admin;0;Captura-de-ecr__-2024-02-02-162551.png;;
"Pulseira c/ 5 trevos 1 c/ Brilhantes Dourada";PRO0072;1;;Imortalis;Joias;;Pulseiras;;;;;;"03-02-2024 16:00:48";marcop;"26-08-2024 17:40:05";marcop;0;;;8.99;;;0;Each;1.00;'-1.000;0;admin;0;IMG_4983.JPEG;;
"Pulseira c/ Numeração Romana Dourada";PRO0073;1;;Imortalis;Joias;;Pulseiras;;;;;;"03-02-2024 16:02:10";marcop;"26-04-2025 13:19:52";marcop;0;;;7.99;;;0;Each;1.00;1.000;0;admin;0;IMG_4981.JPEG;;
"Pulseira prateada c/ árvore da vida";PRO0074;1;;Imortalis;Joias;;Pulseiras;;;;;;"03-02-2024 16:06:18";marcop;"13-02-2024 17:49:37";marcop;0;;;8.99;;;0;Each;1.00;0.000;0;admin;0;IMG_4984.JPEG;;
"Pulseira c/ coração e brilhantes dourada";PRO0075;1;;Imortalis;Joias;;Pulseiras;;;;;;"03-02-2024 16:19:12";marcop;"13-02-2024 17:48:54";marcop;0;;;8.99;;;0;Each;1.00;0.000;0;admin;0;IMG_4987.JPEG;;
"Pulseira c/ 5 Trevos Pretos";PRO0076;1;;Imortalis;Joias;;Pulseiras;;;;;;"03-02-2024 16:19:59";marcop;"04-12-2025 15:04:05";marcop;0;;;10.99;10.99;;0;Each;1.00;5.000;0;admin;0;IMG_4989.JPEG;;
"Pulseira Homem M1";PRO0077;1;;Imortalis;Joias;;Pulseiras;;;;;;"03-02-2024 16:21:03";marcop;"13-02-2024 17:52:54";marcop;0;;;6.5;10.99;;0;Each;1.00;2.000;0;admin;0;IMG_4997.JPEG;;
"Pulseira Homem M2 Chapa Gravada";PRO0078;1;;Imortalis;Joias;;Pulseiras;;;;;;"03-02-2024 16:21:44";marcop;"13-02-2024 17:54:30";marcop;0;;;7.99;10.99;;0;Each;1.00;4.000;0;admin;0;IMG_4998.JPEG;;
"Colar c/ trevos pretos duplo";PRO0079;1;;Imortalis;Joias;;Colares;;;;;;"03-02-2024 16:25:02";marcop;"13-02-2024 18:01:09";marcop;0;;;15.99;;;0;Each;1.00;1.000;0;admin;0;IMG_4951.JPEG;;
"Colar c/ trevo preto";PRO0080;1;;Imortalis;Joias;;Colares;;;;;;"03-02-2024 16:29:01";marcop;"08-04-2025 19:01:22";marcop;0;;;8.99;;;0;Each;1.00;3.000;0;admin;0;IMG_4953.JPEG;;
"Colar c/ trevo branco";PRO0081;1;;Imortalis;Joias;;Colares;;;;;;"03-02-2024 16:29:18";marcop;"17-12-2025 19:01:55";josep;0;;;8.99;;;0;Each;1.00;3.000;0;admin;0;IMG_4952.JPEG;;
"Conjunto Colar e Brincos arvore da vida prateado";PRO0082;1;;Imortalis;Joias;;Conjuntos;;;;;;"03-02-2024 16:44:29";marcop;"13-02-2024 18:08:34";marcop;0;;;8.99;;;0;Each;1.00;1.000;0;admin;0;IMG_4920.JPEG;;
"Conjunto Colar e Brincos coração prateado";PRO0083;1;;Imortalis;Joias;;Conjuntos;;;;;;"03-02-2024 16:45:29";marcop;"21-03-2024 22:07:24";marcop;0;;;7.99;;;0;Each;1.00;'-1.000;0;admin;0;IMG_4913.JPEG;;
"Conjunto Colar e Brincos olho turco c/ brilhantes prateado";PRO0084;1;;Imortalis;Joias;;Conjuntos;;;;;;"03-02-2024 16:47:31";marcop;"13-02-2024 18:07:57";marcop;0;;;8.99;;;0;Each;1.00;1.000;0;admin;0;IMG_4926.JPEG;;
"Conjunto Colar e Brincos infinito c/ brilhantes dourado";PRO0085;1;;Imortalis;Joias;;Conjuntos;;;;;;"03-02-2024 16:48:14";marcop;"13-02-2024 18:07:35";marcop;0;;;8.99;;;0;Each;1.00;1.000;0;admin;0;IMG_4905.JPEG;;
"Conjunto Colar e Brincos Mão de Fátima Dourado";PRO0086;1;;Imortalis;Joias;;Conjuntos;;;;;;"03-02-2024 16:49:09";marcop;"13-02-2024 18:07:22";marcop;0;;;8.99;;;0;Each;1.00;1.000;0;admin;0;IMG_4923.JPEG;;
"Conjunto Colar e Brincos Infinito Dourado";PRO0087;1;;Imortalis;Joias;;Conjuntos;;;;;;"03-02-2024 16:50:18";marcop;"13-02-2024 18:07:07";marcop;0;;;7.5;;;0;Each;1.00;1.000;0;admin;0;IMG_4909.JPEG;;
"Conjunto Colar e Brincos Infinito Prateado";PRO0088;1;;Imortalis;Joias;;Conjuntos;;;;;;"03-02-2024 16:50:40";marcop;"13-02-2024 18:05:58";marcop;0;;;7.5;;;0;Each;1.00;1.000;0;admin;0;IMG_4910.JPEG;;
"Colar c/ Bola Azul Dourado";PRO0089;1;;Imortalis;Joias;;Colares;;;;;;"03-02-2024 16:54:26";marcop;"17-12-2025 20:35:30";marcop;0;;;8.99;;;0;Each;1.00;0.000;0;admin;0;IMG_4945.JPEG;;
"Colar c/ Bola Verde Dourado";PRO0090;1;;Imortalis;Joias;;Colares;;;;;;"03-02-2024 16:54:47";marcop;"13-02-2024 18:00:07";marcop;0;;;8.99;;;0;Each;1.00;1.000;0;admin;0;IMG_4946.JPEG;;
"Colar c/ Bola Cor de Rosa Dourado";PRO0091;1;;Imortalis;Joias;;Colares;;;;;;"03-02-2024 16:55:41";marcop;"24-04-2024 20:35:02";anap;0;;;8.99;;;0;Each;1.00;'-2.000;0;admin;0;IMG_4944.JPEG;;
"Colar c/ 2 Trevos 1 c/ Branco Perola Dourado";PRO0092;1;;Imortalis;Joias;;Colares;;;;;;"03-02-2024 16:58:36";marcop;"13-02-2024 17:59:39";marcop;0;;;8.99;;;0;Each;1.00;1.000;0;admin;0;IMG_4942.JPEG;;
"Colar c/ 2 Trevos 1 c/ Branco Perola Prateado";PRO0093;1;;Imortalis;Joias;;Colares;;;;;;"03-02-2024 16:59:01";marcop;"13-02-2024 18:01:31";marcop;0;;;8.99;;;0;Each;1.00;1.000;0;admin;0;IMG_4940.JPEG;;
"Bijuteria Janeiro";PRO0094;1;;Imortalis;Joias;;Diversos;;;;;;"03-02-2024 17:15:17";marcop;"05-02-2024 15:51:18";marcop;0;;;;;;0;Each;1.00;1000000.000;0;marcop;0;;;
"Chapa Militar";PRO0095;1;;Imortalis;Joias;;Acessórios;;;;;;"03-02-2024 17:22:10";marcop;"18-03-2026 19:14:44";marcop;0;;;5;0.35;;0;Each;1.00;'-68.000;0;marcop;0;Captura-de-ecr__-2024-02-03-172143.png,56686313-499b-452b-bc38-e52f0434b4b3.jpeg;;
"SMS API";PRO0096;1;;"Fam Art";Outros;;Diversos;;;;;;"03-02-2024 17:29:24";marcop;"05-02-2024 15:46:59";marcop;0;;;;;;0;Each;1.00;1000001.000;0;marcop;0;;;
"Castcryl Opal Black 4881 Acrylic Sheet";PRO0097;1;;"Fam Art";"Matéria Prima";Vendors::::Dimatur;Acrilico;;;;AV48812030152503;;"06-02-2024 20:38:43";marcop;"06-02-2024 20:38:43";marcop;2030;1525;3;;;;0;Each;1.00;1000001.000;0;marcop;0;;;
"Castcryl Opal White 2006 Acrylic Sheet";PRO0098;1;;"Fam Art";"Matéria Prima";Vendors::::Dimatur;Acrilico;;;;AV20062030152503;;"06-02-2024 20:39:35";marcop;"06-02-2024 20:39:35";marcop;2030;1525;3;;;;0;Each;1.00;1000003.000;0;marcop;0;;;
"7955MPL Adhesive Transfer Foil (130µ)";PRO0099;1;;"Fam Art";"Matéria Prima";Vendors::::Dimatur;Adesivos;;;;7955MP06100914-005;;"06-02-2024 20:40:08";marcop;"06-02-2024 20:41:19";marcop;610;914;;;;;0;Each;1.00;1000000.000;0;marcop;0;;;
"Stone Color Fill SUS196 White (28,5g)";PRO0100;1;;"Fam Art";"Matéria Prima";Vendors::::Dimatur;Diversos;;;;SUS196;;"06-02-2024 20:40:59";marcop;"06-02-2024 20:40:59";marcop;0;;;;;;0;Each;1.00;1000001.000;0;marcop;0;;;
"Espátula Rubber 130mm Blue";PRO0101;1;;"Fam Art";"Matéria Prima";Vendors::::Dimatur;Diversos;;;;ASESRUBBERCY13;;"06-02-2024 20:42:09";marcop;"06-02-2024 20:42:09";marcop;0;;;;;;0;Each;1.00;1000005.000;0;marcop;0;;;
"SMD 3 LED Hard Strip Bar Light IP6 Cold White";PRO0102;1;;"Fam Art";"Matéria Prima";;LED;;;;;;"07-02-2024 20:42:46";marcop;"16-02-2024 15:50:38";marcop;0;;;8;3;;0;Each;20.00;98.000;0;marcop;0;led.png;;
"Gravação Fotografia em Prata";PRO0103;1;;"Fam Art";Outros;;"Gravação / Corte";;;;;;"09-02-2024 22:17:21";marcop;"26-11-2024 18:23:58";marcop;0;;;3;;;0;Each;1.00;999985.000;0;marcop;0;;;
"Parafusos 3x12";PRO0104;1;;"Fam Art";"Matéria Prima";;Parafusos;;;;;;"09-02-2024 22:28:53";marcop;"09-02-2024 22:28:53";marcop;0;;;;1.69;;0;Each;1.00;1000000.000;0;marcop;0;;;
"Esquadro ANG 20x20mm zincado";PRO0105;1;;"Fam Art";"Matéria Prima";;Parafusos;;;;;;"09-02-2024 22:29:43";marcop;"09-02-2024 22:29:43";marcop;0;;;;0.35;;0;Each;1.00;1000000.000;0;marcop;0;;;
Provisório;PRO0106;1;;"Fam Art";"Eventos Diversos";;Placas;;;;;;"12-02-2024 19:10:22";josep;"28-06-2025 11:41:30";josep;0;;;;;;0;Each;1.00;999997.000;0;josep;0;;;
"Conjunto Colar e Brincos trevo c/ brilhantes redondo";PRO0108;1;;Imortalis;Joias;;Conjuntos;;;;;;"13-02-2024 18:11:06";marcop;"17-12-2025 20:33:55";marcop;0;;;8.99;;;0;Each;1.00;'-1.000;0;admin;0;IMG_4899.JPEG;;
"Brincos Trevo Preto duplo";PRO0109;1;;Imortalis;Joias;;Brincos;;;;;;"13-02-2024 18:13:49";marcop;"13-02-2024 18:30:52";marcop;0;;;10.99;;;0;Each;1.00;1.000;0;admin;0;IMG_4957.JPEG;;
"Brincos Standard Pérola Branca c/ Rebordo prateado";PRO0110;1;;Imortalis;Joias;;Brincos;;;;;;"13-02-2024 18:22:17";marcop;"13-02-2024 18:22:17";marcop;0;;;4.99;;;0;Each;1.00;3.000;0;admin;0;IMG_4969.JPEG;;
"Brincos Standard Pérola Branca Simples Prateado";PRO0111;1;;Imortalis;Joias;;Brincos;;;;;;"13-02-2024 18:23:29";marcop;"13-02-2024 18:23:29";marcop;0;;;4.99;;;0;Each;1.00;3.000;0;admin;0;IMG_4967.JPEG;;
"Brincos Standard Bola Simples Prateada";PRO0112;1;;Imortalis;Joias;;Brincos;;;;;;"13-02-2024 18:25:20";marcop;"13-02-2024 18:25:20";marcop;0;;;4.99;;;0;Each;1.00;3.000;0;admin;0;IMG_4962.JPEG;;
"Brincos Standard Bola Simples Dourada";PRO0113;1;;Imortalis;Joias;;Brincos;;;;;;"13-02-2024 18:25:42";marcop;"13-02-2024 18:25:42";marcop;0;;;4.99;;;0;Each;1.00;3.000;0;admin;0;IMG_4961.JPEG;;
"Brincos Standard Cristal c/ Rebordo Prateado";PRO0114;1;;Imortalis;Joias;;Brincos;;;;;;"13-02-2024 18:27:17";marcop;"13-02-2024 18:27:17";marcop;0;;;4.99;;;0;Each;1.00;3.000;0;admin;0;IMG_4964.JPEG;;
"Brincos Standard Cristal c/ Rebordo Dourado";PRO0115;1;;Imortalis;Joias;;Brincos;;;;;;"13-02-2024 18:27:44";marcop;"13-02-2024 18:27:44";marcop;0;;;4.99;;;0;Each;1.00;3.000;0;admin;0;IMG_4963.JPEG;;
"Brincos Standard Cristal Dourado";PRO0116;1;;Imortalis;Joias;;Brincos;;;;;;"13-02-2024 18:28:14";marcop;"03-10-2025 17:27:23";marcop;0;;;4.99;;;0;Each;1.00;2.000;0;admin;0;IMG_4971.JPEG;;
"Brincos Standard Cristal Prateado";PRO0117;1;;Imortalis;Joias;;Brincos;;;;;;"13-02-2024 18:29:22";marcop;"13-02-2024 18:29:22";marcop;0;;;4.99;;;0;Each;1.00;3.000;0;admin;0;IMG_4972.JPEG;;
"Brincos Standard Redondo c/ Brilhantes";PRO0118;1;;Imortalis;Joias;;Brincos;;;;;;"13-02-2024 18:30:01";marcop;"13-02-2024 18:30:09";marcop;0;;;4.99;;;0;Each;1.00;6.000;0;admin;0;IMG_4974.JPEG;;
"MDF Dupla Face Branco 3MM";PRO0119;1;;"Fam Art";"Matéria Prima";;Madeira;;;;;;"14-02-2024 17:46:49";marcop;"14-02-2024 18:19:34";marcop;0;;;26.25;17.87;;0;Each;1.00;19.000;0;marcop;0;;;
"MDF Folheado Diversas 4MM";PRO0120;1;;"Fam Art";"Matéria Prima";;Madeira;;;;;;"14-02-2024 18:16:26";marcop;"14-02-2024 18:19:55";marcop;2500;1220;;32.85;18.77;;0;Each;1.00;0.000;0;marcop;0;;;
"Primelux Driver Slim 60A IP20 12VDC Fonte";PRO0121;1;;"Fam Art";Outros;"Vendors::::J.M.M Gonçalves, LDA";Diversos;;;;;;"15-02-2024 11:10:15";marcop;"09-04-2024 10:47:59";marcop;0;;;20;12.13;;0;Each;1.00;0.000;0;marcop;0;AC4080100XX99-SLIM-100W.png;"Fonte Led";
"Letreiro Led";PRO0122;1;;"Fam Art";Outros;;Decoração;;;;;;"16-02-2024 15:26:48";marcop;"16-02-2024 15:51:11";marcop;0;;;;;;0;Each;1.00;999998.000;0;marcop;0;Imagem-WhatsApp-2024-02-14-__s-21.12.47_2a3467ed.jpg;;
"Quadro personalizado c/foto e texto";PRO0123;1;;"Fam Art";Outros;;Decoração;;;;;;"17-02-2024 12:54:33";marcop;"23-09-2025 18:27:23";josep;0;;;;;;0;Each;1.00;999998.000;0;marcop;0;Imagem-WhatsApp-2024-02-17-__s-12.38.26_b5420603.jpg;;
"Corações MDF Folheado";PRO0124;1;;"Fam Art";Casamentos;;Lembranças;;;;;;"17-02-2024 17:26:48";marcop;"26-03-2024 20:00:14";marcop;0;;;;;;0;Each;1.00;999760.000;0;marcop;0;Captura-de-ecr__-2024-02-17-172148.png;;
"Caixa Velas Modelo 1";PRO0125;1;;"Fam Art";Outros;;Decoração;;;;;;"23-02-2024 16:36:46";marcop;"19-12-2025 17:59:05";josep;0;;;21.99;;;0;Each;1.00;999992.000;0;admin;0;;;
"Anúncios Fam Art";PRO0126;1;;"Fam Art";Outros;;Anuncios;;;;;;"23-02-2024 22:46:40";marcop;"23-02-2024 22:46:40";marcop;0;;;;;;0;Each;1.00;1000003.000;0;marcop;0;;;
"Imans Personalizados";PRO0127;1;;"Fam Art";Outros;;Iman;;;;;;"24-02-2024 13:17:43";marcop;"18-03-2026 19:29:42";marcop;80;80;3;;;;0;Each;1.00;999722.000;0;marcop;0;;;
"Conjunto 2 Suportes";PRO0128;1;;"Fam Art";Outros;;Diversos;;;;;;"24-02-2024 15:20:08";marcop;"06-12-2024 18:15:14";marcop;60;12;3;;;;0;Each;2.00;'-112.000;0;marcop;0;suportes.png;;
Avioneta;PRO0129;1;;"Fam Art";"Eventos Diversos";;Placas;;;;;;"27-02-2024 15:18:19";marcop;"27-02-2024 15:18:19";marcop;0;;;25;;;0;Each;1.00;999999.000;0;marcop;0;;;
"Super Pai";PRO0130;1;;"Fam Art";"Eventos Diversos";;"Dia Do Pai";;;;;;"28-02-2024 00:17:55";marcop;"15-12-2025 20:12:31";josep;0;;;15;;;0;Each;1.00;999996.000;0;marcop;0;Captura-de-ecr__-2024-02-28-001712.png;;
"Convite Padrinhos - Puzzle";PRO0131;1;;"Fam Art";Batizados;;"Convites Padrinhos";;;;;;"29-02-2024 22:08:55";marcop;"14-08-2024 15:44:24";marcop;150;150;;12;;;0;Each;1.00;999996.000;0;marcop;0;Captura-de-ecr__-2024-02-29-220831.png;;
"Convite Padrinhos - Urso";PRO0132;1;;"Fam Art";Batizados;;"Convites Padrinhos";;;;;;"29-02-2024 22:11:45";marcop;"31-10-2025 17:19:16";marcop;120;120;;12;;;0;Each;1.00;999983.000;0;marcop;0;Imagem-WhatsApp-2024-02-29-__s-22.11.12_8c97df0c.jpg;;
"Convite Padrinhos - Circular c/ foto";PRO0133;1;;"Fam Art";Batizados;;"Convites Padrinhos";;;;;;"29-02-2024 22:16:04";marcop;"18-03-2026 19:20:42";marcop;120;120;;16;;;0;Each;1.00;999998.000;0;marcop;0;Imagem-WhatsApp-2024-02-29-__s-22.14.41_13dc38bf.jpg;;
"Quadro Papá";PRO0134;1;;"Fam Art";"Eventos Diversos";;"Dia Do Pai";;;;;;"01-03-2024 18:37:29";josep;"30-04-2026 18:30:25";josep;0;;;17;;;0;Each;1.00;999996.000;0;josep;0;Quadro-papa.png;;
"Placa de identificação oval";PRO0135;1;;"Fam Art";"Especial Patudos";;"Chapinhas Identificação";;;;;;"02-03-2024 15:20:05";marcop;"02-03-2024 15:21:41";marcop;0;;;;;;0;Each;1.00;0.000;0;marcop;0;Captura-de-ecr__-2024-03-02-151907.png;;
"Pano Azul";PRO0137;1;;"Fam Art";Outros;;Decoração;;;;;;"03-03-2024 12:10:45";josep;"03-03-2024 12:10:45";josep;0;;;;1;;0;Each;1.00;1000000.000;0;josep;0;;;
"Pano Dourado";PRO0138;1;;"Fam Art";Outros;;Decoração;;;;;;"03-03-2024 12:10:53";josep;"03-03-2024 12:10:53";josep;0;;;;1;;0;Each;1.00;1000000.000;0;josep;0;;;
"Pano Verde";PRO0139;1;;"Fam Art";Outros;;Decoração;;;;;;"03-03-2024 12:11:03";josep;"03-03-2024 12:11:03";josep;0;;;;1;;0;Each;1.00;1000000.000;0;josep;0;;;
"Caixa Vinho 2G";PRO0140;1;;"Fam Art";Outros;;Diversos;;;;;;"03-03-2024 16:27:58";josep;"11-12-2024 10:52:45";marcop;0;;;30;;;0;Each;1.00;999998.000;0;josep;0;WhatsApp-Image-2024-03-03-at-15.50.30.jpeg;;
"Moldura Dia do Pai";PRO0141;1;;"Fam Art";"Eventos Diversos";;"Dia Do Pai";;;;;;"05-03-2024 16:26:26";marcop;"27-02-2026 17:16:52";marcop;0;;;16;;;0;Each;1.00;1000000.000;0;josep;0;Imagem-WhatsApp-2024-02-23-__s-22.45.00_bf063baa.jpg;;
"Placa Personalizada";PRO0142;1;;"Fam Art";"Eventos Diversos";;Placas;;;;;;"06-03-2024 15:46:39";marcop;"28-07-2026 15:33:16";marcop;0;;;7;;;0;Each;1.00;999601.000;0;marcop;0;429823142_388960233855652_2143033714590029661_n.png;;
"Saddle Collection SC075 Chestnut";PRO0143;1;;"Fam Art";"Matéria Prima";Vendors::::Dimatur;Diversos;;;;SC075;;"07-03-2024 18:57:42";marcop;"07-03-2024 18:57:42";marcop;0;;;;;;0;Each;1.00;0.000;0;marcop;0;Captura-de-ecr__-2024-03-07-185720.png;"Saddle Collection SC075 Chestnut 60,96cm x 30,48cm";
"Bronze/White LM922-872 Escovado";PRO0144;1;;"Fam Art";"Matéria Prima";Vendors::::Dimatur;Acrilico;;;;LM922-872;;"07-03-2024 18:59:08";marcop;"07-03-2024 19:00:47";marcop;0;;;;;;0;Each;1.00;0.000;0;marcop;0;Captura-de-ecr__-2024-03-07-185850.png;"<table>
	<tbody>
		<tr>
			<td>LaserMax Bronze/White LM922-872 Escovado 1245x613x1,6mm</td>
		</tr>
	</tbody>
</table>
<br />
 ";
"Aluminum/Black LM922-354 Escovado";PRO0145;1;;"Fam Art";"Matéria Prima";Vendors::::Dimatur;Acrilico;;;;LM922-354;;"07-03-2024 19:00:25";marcop;"07-03-2024 19:01:14";marcop;0;;;;;;0;Each;1.00;0.000;0;marcop;0;429823142_388960233855652_2143033714590029661_n.png,Captura-de-ecr__-2024-03-07-185953.png;"LaserMax Aluminum/Black LM922-354 Escovado 1245x 613x1,6mm";
"Crystal Clear 1000 Acrylic Sheet";PRO0146;1;;"Fam Art";"Matéria Prima";Vendors::::Dimatur;Acrilico;;;;AV10002030152503;;"07-03-2024 19:02:42";marcop;"11-03-2026 11:18:19";marcop;0;;;;;;0;Each;1.00;2.000;0;marcop;0;Captura-de-ecr__-2024-03-07-190219.png;"<table>
	<tbody>
		<tr>
			<td>Castcryl Crystal Clear 1000 Acrylic Sheet 2030x1525x 3mm</td>
		</tr>
	</tbody>
</table>
<br />
Acrilico Transparente";
"Gloss Black/Gold LM922-427 Brilhante";PRO0147;1;;"Fam Art";"Matéria Prima";Vendors::::Dimatur;Acrilico;;;;LM922-427;;"07-03-2024 19:03:46";marcop;"07-03-2024 19:03:46";marcop;0;;;;;;0;Each;1.00;0.000;0;marcop;0;Captura-de-ecr__-2024-03-07-190321.png;"<table>
	<tbody>
		<tr>
			<td>LaserMax Gloss Black/Gold LM922-427 Brilhante 1245x613x1,6mm</td>
		</tr>
	</tbody>
</table>";
"Luz solar impermeável exterior";PRO0148;1;;"Fam Art";"Matéria Prima";Vendors::::Aliexpress;LED;;https://pt.aliexpress.com/item/1005006216325622.html?spm=a2g0o.order_list.order_list_main.4.6882caa4;;;;"07-03-2024 19:13:59";marcop;"07-03-2024 19:13:59";marcop;0;;;;;;0;Each;1.00;1000000.000;0;marcop;0;Captura-de-ecr__-2024-03-07-191216.png;;
"Pendente Circulo Ø20 c/feitio Prata";PRO0149;1;;Imortalis;Joias;Vendors::::MaxiBiju;Pendentes;;;;;;"10-03-2024 16:00:19";josep;"04-01-2025 12:37:52";marcop;0;;;5.9;;;0;Each;1.00;4.000;0;josep;0;IMG_20250104_120744.jpg,IMG_20250104_120743.jpg;;
"Pendente Circulo Ø20 c/feitio Dourado";PRO0150;1;;Imortalis;Joias;Vendors::::MaxiBiju;Pendentes;;;;;;"10-03-2024 16:00:43";josep;"04-06-2025 18:35:42";marcop;0;;;6.9;;;0;Each;1.00;3.000;0;josep;0;IMG_20250104_120839.jpg,IMG_20250104_120840.jpg;;
"Pendente Circulo Ø25 c/feitio Prata";PRO0151;1;;Imortalis;Joias;Vendors::::MaxiBiju;Pendentes;;;;;;"10-03-2024 16:01:10";josep;"04-01-2025 12:36:21";marcop;0;;;6.9;;;0;Each;1.00;4.000;0;josep;0;IMG_20250104_120840.jpg,IMG_20250104_120839.jpg;;
"Pendente circulo Ø25 C/feitio Dourado";PRO0152;1;;Imortalis;Joias;Vendors::::MaxiBiju;Pendentes;;;;;;"10-03-2024 16:02:41";josep;"04-01-2025 12:44:22";marcop;0;;;6.9;;;0;Each;1.00;0.000;0;josep;0;IMG_20250104_120820.jpg,IMG_20250104_120819.jpg;;
"Pendente circulo Ø30 C/Brilhantes Prata";PRO0153;1;;Imortalis;Joias;Vendors::::MaxiBiju;Pendentes;;;;;;"10-03-2024 16:03:13";josep;"09-06-2025 17:13:29";marcop;0;;;8.9;;;0;Each;1.00;8.000;0;josep;0;IMG_20250104_122337_1.jpg;;
"Pendente circulo Ø30 C/Brilhantes Dourado";PRO0154;1;;Imortalis;Joias;Vendors::::MaxiBiju;Pendentes;;;;;;"10-03-2024 16:03:56";josep;"12-12-2025 17:33:16";marcop;0;;;8.9;;;0;Each;1.00;7.000;0;josep;0;IMG_20250104_121529.jpg;;
"Pendente Coração Prata c/feitio";PRO0156;1;;Imortalis;Joias;Vendors::::MaxiBiju;Pendentes;;;;;;"10-03-2024 16:08:25";josep;"01-05-2025 12:39:00";josep;0;;;5.9;;;0;Each;1.00;1.000;0;josep;0;IMG_20250104_120551.jpg,IMG_20250104_120550.jpg;;
"Pendente Retangular Dourado/Prata";PRO0157;1;;Imortalis;Joias;Vendors::::MaxiBiju;Pendentes;;;;;;"10-03-2024 16:08:45";josep;"04-01-2025 12:53:19";marcop;0;;;9.9;;;0;Each;1.00;5.000;0;josep;0;IMG_5853.jpeg,IMG_20250104_120637_1.jpg,IMG_20250104_120637.jpg;;
"Pendente Retangular Prata/Dourado";PRO0158;1;;Imortalis;Joias;Vendors::::MaxiBiju;Pendentes;;;;;;"10-03-2024 16:08:58";josep;"04-01-2025 12:54:56";marcop;0;;;9.9;;;0;Each;1.00;4.000;0;josep;0;IMG_5854.jpeg,IMG_20250104_120619_1.jpg,IMG_20250104_120619.jpg;;
"Pendente Trevo c/brilhante Dourado";PRO0159;1;;Imortalis;Joias;Vendors::::MaxiBiju;Pendentes;;;;;;"10-03-2024 16:09:17";josep;"04-01-2025 12:39:25";marcop;0;;;5.9;;;0;Each;1.00;4.000;0;josep;0;IMG_20250104_120722.jpg,IMG_20250104_120721.jpg;;
"Pendentes trevo c/feitio prata";PRO0160;1;;Imortalis;Joias;Vendors::::MaxiBiju;Pendentes;;;;;;"10-03-2024 16:09:33";josep;"04-01-2025 13:09:05";marcop;0;;;5.9;;;0;Each;1.00;5.000;0;josep;0;IMG_5852.jpeg,IMG_20250104_120701_1.jpg,IMG_20250104_120701.jpg;;
"Pendente Pata de Cão";PRO0161;1;;Imortalis;Joias;Vendors::::MaxiBiju;Pendentes;;;;;;"10-03-2024 16:09:57";josep;"04-01-2025 13:08:38";marcop;0;;;4.9;;;0;Each;1.00;5.000;0;josep;0;IMG_5861.jpeg,IMG_20250104_120329.jpg,IMG_20250104_120329_1.jpg;;
"Pendente Gatos Dourados";PRO0162;1;;Imortalis;Joias;Vendors::::MaxiBiju;Pendentes;;;;;;"10-03-2024 16:10:14";josep;"04-01-2025 13:08:00";marcop;0;;;4.9;;;0;Each;1.00;5.000;0;josep;0;IMG_5860.jpeg,IMG_20250104_120408_1.jpg,IMG_20250104_120401_2.jpg;;
"Pendente Finalistas Cartola";PRO0163;1;;Imortalis;Joias;Vendors::::MaxiBiju;Pendentes;;;;;;"10-03-2024 16:10:38";josep;"04-01-2025 13:07:00";marcop;0;;;6.9;;;0;Each;1.00;11.000;0;josep;0;IMG_5859.jpeg,IMG_20250104_120520.jpg,IMG_20250104_120516.jpg;;
"Pendente Bebes Dourados";PRO0164;1;;Imortalis;Joias;Vendors::::MaxiBiju;Pendentes;;;;;;"10-03-2024 16:11:03";josep;"04-01-2025 13:06:28";marcop;0;;;6.9;;;0;Each;1.00;9.000;0;josep;0;IMG_5858.jpeg,IMG_20250104_120457.jpg,IMG_20250104_120457_1.jpg;;
"Pendente Bebes Prata";PRO0165;1;;Imortalis;Joias;Vendors::::MaxiBiju;Pendentes;;;;;;"10-03-2024 16:11:21";josep;"04-01-2025 13:06:03";marcop;0;;;5.9;;;0;Each;1.00;5.000;0;josep;0;IMG_5857.jpeg,IMG_20250104_120432.jpg,IMG_20250104_120432_1.jpg;;
"Pendente Circulo Madrinha Dourado";PRO0166;1;;Imortalis;Joias;Vendors::::MaxiBiju;Pendentes;;;;;;"10-03-2024 16:11:43";josep;"04-01-2025 12:59:59";marcop;0;;;5.9;;;0;Each;1.00;2.000;0;josep;0;IMG-20240321-WA0002.jpg;;
"Pendente Circulo Madrinha Prateado";PRO0167;1;;Imortalis;Joias;Vendors::::MaxiBiju;Pendentes;;;;;;"10-03-2024 16:22:14";josep;"04-01-2025 12:50:24";marcop;0;;;4.9;;;0;Each;1.00;0.000;0;josep;0;IMG-20240321-WA0010.jpg;;
"Pendente Oval Dourado";PRO0168;1;;Imortalis;Joias;Vendors::::MaxiBiju;Pendentes;;;;;;"10-03-2024 16:22:32";josep;"04-01-2025 12:54:33";marcop;0;;;5.9;;;0;Each;1.00;2.000;0;josep;0;IMG-20240321-WA0007.jpg,IMG_20250104_115811_1.jpg,IMG_20250104_115812.jpg;;
"Pendente Menino Dourado";PRO0169;1;;Imortalis;Joias;Vendors::::MaxiBiju;Pendentes;;;;;;"10-03-2024 16:22:49";josep;"04-01-2025 12:56:19";marcop;0;;;4.9;;;0;Each;1.00;5.000;0;josep;0;IMG-20240321-WA0008.jpg,IMG_20250104_115620.jpg,IMG_20250104_115621.jpg;;
"Pendente Menina Dourado";PRO0170;1;;Imortalis;Joias;Vendors::::MaxiBiju;Pendentes;;;;;;"10-03-2024 16:22:58";josep;"04-01-2025 12:55:47";marcop;0;;;4.9;;;0;Each;1.00;3.000;0;josep;0;IMG_5831.jpeg,IMG_20250104_115645.jpg,IMG_20250104_115643.jpg;;
"Pendente Pés Dourado";PRO0171;1;;Imortalis;Joias;Vendors::::MaxiBiju;Pendentes;;;;;;"10-03-2024 16:24:15";josep;"04-01-2025 13:12:47";marcop;0;;;5.9;;;0;Each;1.00;5.000;0;josep;0;IMG_5833.jpeg,IMG_20250104_115522_1.jpg,IMG_20250104_115523.jpg;;
"Pendente Pés Prateado";PRO0172;1;;Imortalis;Joias;Vendors::::MaxiBiju;Pendentes;;;;;;"10-03-2024 16:24:25";josep;"04-01-2025 12:45:17";marcop;0;;;4.9;;;0;Each;1.00;3.000;0;josep;0;IMG_20250104_115456_2.jpg,IMG_20250104_115456_1.jpg;;
"Pendente Retangular 205 Prata";PRO0173;1;;Imortalis;Joias;Vendors::::MaxiBiju;Pendentes;;;;;;"10-03-2024 16:25:05";josep;"04-01-2025 17:24:52";marcop;0;;;5.9;0.35;;0;Each;1.00;15.000;0;josep;0;IMG_20250104_121242.jpg,IMG_20250104_121241.jpg;;
"Pendente Circulo Ø15 Dourados";PRO0174;1;;Imortalis;Joias;Vendors::::MaxiBiju;Pendentes;;;;;;"10-03-2024 16:25:34";josep;"04-01-2025 12:28:30";marcop;0;;;4.9;;;0;Each;1.00;10.000;0;josep;0;IMG-20240321-WA0011.jpg,IMG_20250104_115428.jpg,IMG_20250104_115426.jpg;;
"Pendente Circulo Ø15 Prata";PRO0175;1;;Imortalis;Joias;Vendors::::MaxiBiju;Pendentes;;;;;;"10-03-2024 16:25:45";josep;"04-01-2025 12:27:40";marcop;0;;;4.9;0.25;;0;Each;1.00;4.000;0;josep;0;IMG-20240321-WA0014.jpg,IMG_20250104_115414_1.jpg,IMG_20250104_115415.jpg;;
"Pendente Coração Sra. Fátima";PRO0176;1;;Imortalis;Joias;Vendors::::MaxiBiju;Pendentes;;;;;;"10-03-2024 16:26:06";josep;"03-12-2025 18:09:11";marcop;0;;;5.9;;;0;Each;1.00;3.000;0;josep;0;IMG_20250104_115311.jpg,IMG_20250104_115310.jpg;;
"Pendente Coroa Sra. Fátima";PRO0177;1;;Imortalis;Joias;Vendors::::MaxiBiju;Pendentes;;;;;;"10-03-2024 16:26:18";josep;"25-05-2025 14:40:25";josep;0;;;5.9;;;0;Each;1.00;'-1.000;0;josep;0;IMG_20250104_115152.jpg,IMG_20250104_115151_1.jpg;;
"Circulo Prateado Ø8mm";PRO0178;1;;Imortalis;Joias;Vendors::::MaxiBiju;Acessórios;;;;;;"10-03-2024 16:26:41";josep;"04-01-2025 12:16:30";marcop;0;;;;;;0;Each;25.00;78.000;0;josep;0;;;
"Circulo Dourados Ø8mm";PRO0179;1;;Imortalis;Joias;Vendors::::MaxiBiju;Acessórios;;;;;;"10-03-2024 16:26:52";josep;"04-01-2025 12:16:24";marcop;0;;;6.9;;;0;Each;8.00;52.000;0;josep;0;;;
"Peça pendente dourado 4/9";PRO0180;1;;Imortalis;Joias;Vendors::::MaxiBiju;Pendentes;;;;;;"10-03-2024 16:27:19";josep;"14-03-2024 15:39:38";marcop;0;;;;;;0;Each;1.00;80.000;0;josep;0;;;
"Peça pendente prateado 4/9";PRO0181;1;;Imortalis;Joias;Vendors::::MaxiBiju;Pendentes;;;;;;"10-03-2024 16:28:01";josep;"10-03-2024 16:28:01";josep;0;;;;;;0;Each;1.00;0.000;0;josep;0;;;
"Peça pendente prateado 3/7";PRO0182;1;;Imortalis;Joias;Vendors::::MaxiBiju;Pendentes;;;;;;"10-03-2024 16:28:20";josep;"14-03-2024 15:39:44";marcop;0;;;;;;0;Each;1.00;80.000;0;josep;0;;;
"Peça pendente dourado 3/7";PRO0183;1;;Imortalis;Joias;Vendors::::MaxiBiju;Pendentes;;;;;;"10-03-2024 16:29:04";josep;"14-03-2024 15:39:54";marcop;0;;;;;;0;Each;1.00;50.000;0;josep;0;;;
"Argola dourada 08/6";PRO0184;1;;Imortalis;Joias;Vendors::::MaxiBiju;Acessórios;;;;;;"10-03-2024 16:29:20";josep;"04-01-2025 11:19:42";marcop;0;;;;;;0;Each;1.00;120.000;0;josep;0;;;
"Argola dourada 07/5";PRO0185;1;;Imortalis;Joias;Vendors::::MaxiBiju;Acessórios;;;;;;"10-03-2024 16:29:32";josep;"04-01-2025 11:21:05";marcop;0;;;;;;0;Each;90.00;182.000;0;josep;0;;;
"Anel Prateado";PRO0186;1;;Imortalis;Joias;Vendors::::MaxiBiju;Anéis;;;;;;"10-03-2024 16:40:15";josep;"21-03-2024 21:52:46";josep;0;;;8.9;;;0;Each;1.00;1.000;0;josep;0;IMG_5872.jpeg;;
"Anel dourado tipo coroa";PRO0187;1;;Imortalis;Joias;Vendors::::MaxiBiju;Anéis;;;;;;"10-03-2024 16:40:52";josep;"05-12-2024 18:24:52";josep;0;;;9.9;;;0;Each;1.00;0.000;0;josep;0;IMG_5874.jpeg;;
"Anel dourado tipo perola verde";PRO0188;1;;Imortalis;Joias;Vendors::::MaxiBiju;Anéis;;;;;;"10-03-2024 16:41:07";josep;"21-03-2024 21:46:10";josep;0;;;9.9;;;0;Each;1.00;1.000;0;josep;0;IMG_5871.jpeg;;
"Pendente Desdobrável Branco";PRO0189;1;;Imortalis;Joias;Vendors::::MaxiBiju;Pendentes;;;;;;"10-03-2024 16:41:31";josep;"04-01-2025 13:12:13";marcop;0;;;9.9;;;0;Each;1.00;5.000;0;josep;0;IMG_5865.jpeg,IMG_20250104_115910.jpg,IMG_20250104_115919.jpg;;
"Pendente Desdobrável c/Brilhante";PRO0190;1;;Imortalis;Joias;Vendors::::MaxiBiju;Pendentes;;;;;;"10-03-2024 16:41:49";josep;"04-01-2025 13:05:05";marcop;0;;;9.9;;;0;Each;1.00;7.000;0;josep;0;IMG_5867.jpeg,IMG_20250104_115827.jpg,IMG_20250104_115836.jpg;;
"Pendente Flor Rotativo";PRO0191;1;;Imortalis;Joias;Vendors::::MaxiBiju;Pendentes;;;;;;"10-03-2024 16:42:05";josep;"04-01-2025 13:04:37";marcop;0;;;8.9;;;0;Each;1.00;3.000;0;josep;0;IMG_5864.jpeg,IMG_20250104_120007_1.jpg,IMG_20250104_120007.jpg;;
"Pendente Flor Branca Rotativa";PRO0192;1;;Imortalis;Joias;Vendors::::MaxiBiju;Pendentes;;;;;;"10-03-2024 16:42:18";josep;"04-01-2025 12:41:15";marcop;0;;;8.9;;;0;Each;1.00;2.000;0;josep;0;IMG_20250104_120044.jpg,IMG_20250104_120043.jpg;;
"Pendente trevo rotativo";PRO0193;1;;Imortalis;Joias;Vendors::::MaxiBiju;Pendentes;;;;;;"10-03-2024 16:42:37";josep;"15-12-2025 18:14:59";marcop;0;;;8.9;;;0;Each;1.00;2.000;0;josep;0;IMG_20250104_115853.jpg;;
"Pendente chave rotativa";PRO0194;1;;Imortalis;Joias;Vendors::::MaxiBiju;Pendentes;;;;;;"10-03-2024 16:42:50";josep;"15-12-2025 18:15:01";marcop;0;;;8.9;;;0;Each;1.00;1.000;0;josep;0;IMG_20250104_120029.jpg,IMG_20250104_120025.jpg;;
Alimentação;PRO0195;1;;"Fam Art";Outros;;Diversos;;;;;;"10-03-2024 18:05:11";josep;"10-03-2024 18:05:11";josep;0;;;;;;0;Each;1.00;1000000.000;0;josep;0;;;
"Anel perola branca";PRO0196;1;;Imortalis;Joias;Vendors::::MaxiBiju;Anéis;;;;;;"10-03-2024 18:35:26";josep;"01-04-2024 19:49:06";josep;0;;;13.9;;;0;Each;1.00;1.000;0;josep;0;IMG_5880.jpeg;;
"Anel 3 Argolas";PRO0197;1;;Imortalis;Joias;Vendors::::MaxiBiju;Anéis;;;;;;"10-03-2024 18:36:05";josep;"24-04-2024 20:30:34";anap;0;;;13.9;;;0;Each;1.00;'-1.000;0;josep;0;IMG_5881.jpeg;;
"Anel dourado com diamante";PRO0198;1;;Imortalis;Joias;Vendors::::MaxiBiju;Anéis;;;;;;"10-03-2024 18:36:20";josep;"01-04-2024 19:52:15";josep;0;;;11.9;;;0;Each;1.00;1.000;0;josep;0;IMG_5879.jpeg;;
"Anel dourado com retangulo";PRO0199;1;;Imortalis;Joias;Vendors::::MaxiBiju;Anéis;;;;;;"10-03-2024 18:36:31";josep;"01-04-2024 19:53:07";josep;0;;;11.9;;;0;Each;1.00;1.000;0;josep;0;IMG_5877.jpeg;;
"Anel dourado com dois ciculos";PRO0200;1;;Imortalis;Joias;Vendors::::MaxiBiju;Anéis;;;;;;"10-03-2024 18:36:55";josep;"01-04-2024 19:54:14";josep;0;;;11.9;;;0;Each;1.00;1.000;0;josep;0;IMG_5876.jpeg;;
"Anel dourado com oblongo";PRO0201;1;;Imortalis;Joias;Vendors::::MaxiBiju;Anéis;;;;;;"10-03-2024 18:37:09";josep;"04-12-2025 15:04:09";marcop;0;;;11.9;;;0;Each;1.00;0.000;0;josep;0;IMG_5875.jpeg;;
"Fio prateado fino";PRO0202;1;;Imortalis;Joias;;Colares;;;;;;"10-03-2024 19:08:01";josep;"18-03-2026 19:14:30";marcop;0;;;6.9;;;0;Each;1.00;'-1.000;0;josep;0;;;
"Fio prateado grosso";PRO0203;1;;Imortalis;Joias;;Colares;;;;;;"10-03-2024 19:08:12";josep;"28-03-2024 15:26:32";marcop;0;;;7.9;;;0;Each;1.00;8.000;0;josep;0;;;
"Brincos redondos Dourados";PRO0204;1;;Imortalis;Joias;;Brincos;;;;;;"10-03-2024 19:08:34";josep;"23-12-2025 14:18:58";josep;0;;;7.9;;;0;Each;1.00;1.000;0;josep;0;;;
"Brincos brilhantes compridos";PRO0205;1;;Imortalis;Joias;;Brincos;;;;;;"10-03-2024 19:08:48";josep;"21-03-2024 20:14:14";marcop;0;;;7.9;;;0;Each;1.00;3.000;0;josep;0;;;
"Brincos hexagonos";PRO0206;1;;Imortalis;Joias;;Brincos;;;;;;"10-03-2024 19:08:58";josep;"21-03-2024 20:16:22";marcop;0;;;12.9;;;0;Each;1.00;3.000;0;josep;0;;;
"Brincos argolas grandes";PRO0207;1;;Imortalis;Joias;;Brincos;;;;;;"10-03-2024 19:09:09";josep;"30-04-2025 18:06:09";marcop;0;;;9.9;;;0;Each;1.00;2.000;0;josep;0;;;
"Brincos retangulares";PRO0208;1;;Imortalis;Joias;;Brincos;;;;;;"10-03-2024 19:09:19";josep;"01-04-2024 19:45:10";josep;0;;;14.9;;;0;Each;1.00;1.000;0;josep;0;image.jpg;;
"Brincos argolas grossas";PRO0209;1;;Imortalis;Joias;;Brincos;;;;;;"10-03-2024 19:09:31";josep;"10-08-2024 11:28:32";marcop;0;;;15.9;;;0;Each;1.00;3.000;0;josep;0;;;
"Brincos 3 flores grossas";PRO0210;1;;Imortalis;Joias;;Brincos;;;;;;"10-03-2024 19:09:46";josep;"21-03-2024 20:19:44";marcop;0;;;13.9;;;0;Each;1.00;1.000;0;josep;0;;;
"Brincos 3 flores finas";PRO0211;1;;Imortalis;Joias;;Brincos;;;;;;"10-03-2024 19:09:54";josep;"21-03-2024 20:20:04";marcop;0;;;13.9;;;0;Each;1.00;2.000;0;josep;0;;;
"Fio dourado grosso";PRO0212;1;;Imortalis;Joias;;Colares;;;;;;"10-03-2024 19:10:10";josep;"28-03-2024 15:26:25";marcop;0;;;7.9;;;0;Each;1.00;8.000;0;josep;0;;;
"Fio dourado fino";PRO0213;1;;Imortalis;Joias;;Colares;;;;;;"10-03-2024 19:10:22";josep;"25-02-2026 10:19:17";marcop;0;;;6.9;;;0;Each;1.00;'-12.000;0;josep;0;;;
"caixas plastico";PRO0214;1;;Imortalis;Outros;;Diversos;;;;;;"10-03-2024 19:17:27";josep;"14-03-2024 15:44:48";marcop;0;;;;;;0;Each;1.00;5.000;0;josep;0;;;
"Garrafas inox whisky";PRO0215;1;;"Fam Art";Outros;"Vendors::::Keep's Paper";Diversos;;;;;;"10-03-2024 19:28:47";josep;"16-05-2024 23:46:57";marcop;0;;;13;4.85;;0;Each;1.00;4.000;0;josep;0;Captura-de-ecr__-2024-04-05-105652.png;;
"Saco papel preto 26x11x24";PRO0216;1;;"Fam Art";Outros;"Vendors::::Keep's Paper";Diversos;;;;;;"10-03-2024 19:30:04";josep;"14-03-2024 15:45:22";marcop;0;;;;0.27;;0;Each;1.00;292.000;0;josep;0;;;
"bobine Fita Diam 10mm x 250m";PRO0217;1;;"Fam Art";Outros;"Vendors::::Keep's Paper";Diversos;;;;;;"10-03-2024 19:30:47";josep;"14-03-2024 15:45:44";marcop;0;;;;2.7;;0;Each;1.00;1.000;0;josep;0;;;
"Isqueiro Inox";PRO0218;1;;"Fam Art";Outros;;Diversos;;;;;;"10-03-2024 19:38:36";josep;"18-04-2025 17:59:04";marcop;0;;;8;2.4;;0;Each;1.00;0.000;0;josep;0;Captura-de-ecr__-2024-04-05-110234.png;;
"Isqueiro Preto Inox";PRO0219;1;;"Fam Art";Outros;"Vendors::::Keep's Paper";Diversos;;;;;;"10-03-2024 19:39:31";josep;"14-03-2024 15:46:24";marcop;0;;;;2.6;;0;Each;1.00;2.000;0;josep;0;;;
"Caneta 23.181";PRO0220;1;;"Fam Art";"Para Profissionais";"Vendors::::Keep's Paper";Canetas;;;;;;"10-03-2024 19:39:57";josep;"18-04-2025 18:26:08";marcop;0;;;;1.05;;0;Each;1.00;1.000;0;josep;0;;;
"Bloco/Agenda A5 c/ cortiça ao centro e linho";PRO0221;1;;"Fam Art";Outros;"Vendors::::Keep's Paper";Diversos;;;;;;"10-03-2024 19:40:23";josep;"16-05-2024 21:48:35";josep;0;;;10;3.63;;0;Each;1.00;3.000;0;josep;0;;;
"Bloco de Notas Brastel c/ caneta";PRO0222;1;;"Fam Art";Outros;"Vendors::::Keep's Paper";Diversos;;;;PP6547;;"10-03-2024 19:40:42";josep;"18-07-2024 12:09:05";marcop;0;;;11;3.81;;0;Each;1.00;54.000;0;josep;0;1715966423487471575907405237301.jpg;;
"Sacos grandes";PRO0223;1;;"Fam Art";Outros;"Vendors::::Keep's Paper";Diversos;;;;;;"10-03-2024 19:41:11";josep;"14-03-2024 15:45:31";marcop;0;;;;0.48;;0;Each;0.00;64.000;0;josep;0;;;
"Imans APAEL";PRO0224;1;;"Fam Art";"Eventos Diversos";;"Dia Do Pai";;;;;;"12-03-2024 17:31:12";marcop;"12-03-2024 17:31:33";marcop;0;;;0.65;;;0;Each;1.00;998236.000;0;marcop;0;;;
"Iman Pai Nosso";PRO0225;1;;"Fam Art";"Cerimonias Religiosas";;Diversos;;;;;;"12-03-2024 22:43:13";marcop;"12-03-2024 22:44:15";marcop;100;100;;1.9;;;0;Each;1.00;999926.000;0;admin;0;WhatsApp-Image-2024-03-12-at-22.15.58.jpeg;;"Vários modelos e cores disponiveis"
"Caça Sonhos 150mm";PRO0226;1;;"Fam Art";"Eventos Diversos";;Recém-nascidos;;;;"Caça Sonhos Pingo de Cera";;"13-03-2024 22:09:57";marcop;"08-10-2025 10:24:59";marcop;150;150;;2;;;0;Each;1.00;999993.000;0;marcop;0;Imagem-WhatsApp-2024-03-12-__s-10.48.34_f48fcbf7.jpg;;
Troféu;PRO0227;1;;"Fam Art";"Eventos Diversos";;Placas;;;;;;"15-03-2024 11:49:20";marcop;"04-03-2026 19:00:07";marcop;0;;;30;;;0;Each;1.00;999989.000;0;marcop;0;Imagem-WhatsApp-2024-03-15-__s-15.00.11_d5f0a47c.jpg;;
"Dia do Pai Hotel Bienestar";PRO0228;1;;"Fam Art";Outros;;"Porta Chaves";;;;;;"18-03-2024 13:45:16";marcop;"18-03-2024 13:45:39";marcop;0;;;0.7;;;0;Each;1.00;999860.000;0;marcop;0;Captura-de-ecr__-2024-03-18-134232.png;;
"Pedido Padrinhos Pe Pingo de Cera";PRO0229;1;;"Fam Art";Batizados;;"Convites Padrinhos";;;;;;"18-03-2024 14:13:53";marcop;"14-06-2024 11:20:40";marcop;0;;;5;;;0;Each;1.00;999996.000;0;marcop;0;Captura-de-ecr__-2024-03-18-141332.png;;
"Lembrança Núcleo de Cambeses";PRO0230;1;;"Fam Art";"Eventos Diversos";;Placas;;;;;;"18-03-2024 14:30:36";marcop;"30-03-2024 12:16:11";josep;0;;;2.75;;;0;Each;1.00;999900.000;0;marcop;0;_INS7441.jpg;;
"Placas identificação Ouro / Prata";PRO0231;1;;"Fam Art";Outros;;Decoração;;;;;;"19-03-2024 11:57:47";marcop;"19-03-2024 11:58:04";marcop;0;;;1.1;;;0;Each;1.00;999974.000;0;marcop;0;;;
"Cálice 1 comunhão";PRO0232;1;;"Fam Art";"Cerimonias Religiosas";;"1* Comunhão";;;;;;"20-03-2024 19:05:36";marcop;"20-03-2024 19:05:36";marcop;0;;;0.65;;;0;Each;1.00;999980.000;0;marcop;0;Captura-de-ecr__-2024-03-20-190039.png;;
Formações;PRO0233;1;;"Fam Art";Outros;;Diversos;;;;;;"20-03-2024 19:14:02";josep;"20-03-2024 19:16:06";josep;0;;;;;;0;Each;1.00;1000000.000;0;josep;0;;;
"Estante Lidl";PRO0234;1;;"Fam Art";Outros;;Diversos;;;;;;"20-03-2024 19:30:34";josep;"20-03-2024 19:31:16";josep;0;;;;;;0;Each;1.00;1000000.000;0;josep;0;;;
"Convite Padrinhos - Circular casamento";PRO0235;1;;"Fam Art";Casamentos;;"Convites Padrinhos";;;;;;"20-03-2024 23:55:55";marcop;"13-06-2024 14:24:06";josep;120;120;;16;;;0;Each;1.00;999995.000;0;marcop;0;Captura-de-ecr__-2024-03-20-235524.png;;
"Chapa alumínio Fna";PRO0236;1;;"Fam Art";"Eventos Diversos";;Placas;;;;;;"21-03-2024 23:27:48";marcop;"23-05-2026 17:30:31";marcop;0;;;0.8;;;0;Each;1.00;999980.000;0;admin;0;Captura-de-ecr__-2024-03-21-232725.png;;
"Pendente Coração Prata";PRO0237;1;;Imortalis;Joias;Vendors::::MaxiBiju;Pendentes;;;;;;"24-03-2024 16:00:30";marcop;"04-01-2025 12:31:35";marcop;0;;;4.9;;;0;Each;1.00;9.000;0;josep;0;17112960899483205398881134390103.jpg,IMG_20250104_114712.jpg,IMG_20250104_114717.jpg;;
"Livro de Honra";PRO0238;1;;"Fam Art";Batizados;;"Livro de Honra";;;;;;"27-03-2024 10:39:47";marcop;"08-08-2025 11:33:02";marcop;0;;;16;;;0;Each;1.00;999993.000;0;marcop;0;Captura-de-ecr__-2024-03-27-103923.png;;
"Pomba Cerimonia Pingo de Cera";PRO0239;1;;"Fam Art";"Cerimonias Religiosas";;"1* Comunhão";;;;;;"27-03-2024 15:31:15";marcop;"27-03-2024 15:31:34";marcop;60;60;;0.46;;;0;Each;1.00;999758.000;0;marcop;0;Imagem-WhatsApp-2024-03-26-__s-17.40.59_8a343268.jpg;;
"Registo da marca";PRO0240;1;;"Fam Art";Outros;;Diversos;;;;;;"29-03-2024 10:30:22";marcop;"29-03-2024 10:30:22";marcop;0;;;;;;0;Each;1.00;1000001.000;0;marcop;0;;;
"Porta Chaves FNA Braga - Base Regional de Formação";PRO0241;1;;"Fam Art";Outros;;"Porta Chaves";;;;;;"29-03-2024 15:21:50";josep;"29-03-2024 17:26:04";marcop;0;;;0.5;;;0;Each;1.00;999919.000;0;josep;0;8a94700b-e13c-4b83-a4b8-1814da4b186b.jpeg;;
"Puzzle 2 peças";PRO0242;1;;"Fam Art";"Eventos Diversos";;Placas;;;;;;"30-03-2024 17:19:14";marcop;"30-03-2024 17:19:34";marcop;100;50;4;1.5;;;0;Each;1.00;999949.000;0;marcop;0;Captura-de-ecr__-2024-03-30-171629.png;;
"Natureza Comum";PRO0243;1;;"Fam Art";"Eventos Diversos";;Placas;;;;;;"02-04-2024 16:22:53";marcop;"23-05-2026 17:30:13";marcop;0;;;0.8;;;0;Each;1.00;999840.000;0;marcop;0;Captura-de-ecr__-2024-04-02-162234.png;;
"Pulseira c/ 1 Trevo Branco";PRO0244;1;;Imortalis;Joias;;Pulseiras;;;;;;"02-04-2024 18:50:30";marcop;"02-04-2024 19:15:12";marcop;0;;;8.99;;;0;Each;1.00;7.000;0;admin;0;;;
"Pulseira c/ 1 Trevo Preto";PRO0245;1;;Imortalis;Joias;;Pulseiras;;;;;;"02-04-2024 18:50:47";marcop;"02-04-2024 19:15:01";marcop;0;;;8.99;;;0;Each;1.00;5.000;0;admin;0;;;
"Brincos Trevo Preto";PRO0246;1;;Imortalis;Joias;;Brincos;;;;;;"02-04-2024 18:54:21";marcop;"04-12-2025 15:04:02";marcop;0;;;10.99;;;0;Each;1.00;3.000;0;admin;0;;;
"Colar c/ 5 trevos preto";PRO0247;1;;Imortalis;Joias;;Colares;;;;;;"02-04-2024 18:59:41";marcop;"04-12-2025 15:04:07";marcop;0;;;9.99;;;0;Each;1.00;3.000;0;admin;0;IMG_20240906_190336.jpg;;
"Colar c/ 5 trevo branco";PRO0248;1;;Imortalis;Joias;;Colares;;;;;;"02-04-2024 19:01:34";marcop;"03-10-2025 17:26:36";marcop;0;;;9.99;;;0;Each;1.00;2.000;0;admin;0;IMG_20240906_190435.jpg;;
"Botão Punho";PRO0249;1;;Imortalis;Joias;;Acessórios;;;;;;"02-04-2024 19:12:57";marcop;"14-06-2024 09:26:02";marcop;0;;;12;;;0;Each;1.00;1.000;0;marcop;0;;;
"Colar duplo p/ gravação dourado";PRO0250;1;;Imortalis;Joias;;Colares;;;;;;"02-04-2024 19:18:19";marcop;"04-01-2025 11:42:53";marcop;0;;;14;;;0;Each;1.00;5.000;0;marcop;0;IMG_20250104_114154_1.jpg;;
"Conjunto 12 Aneis";PRO0251;1;;Imortalis;Joias;;Anéis;;;;;;"02-04-2024 19:19:56";marcop;"02-04-2024 19:42:37";marcop;0;;;15;;;0;Each;1.00;'-1.000;0;marcop;0;;;
"Argola porta chaves s/ corrente";PRO0252;1;;"Fam Art";"Matéria Prima";;Diversos;;;;;;"02-04-2024 19:47:12";marcop;"02-04-2024 19:47:12";marcop;0;;;0.12;;;0;Each;1.00;200.000;0;marcop;0;;;
"Argola porta chaves c/ corrente";PRO0253;1;;"Fam Art";"Matéria Prima";;Diversos;;;;;;"02-04-2024 19:47:31";marcop;"02-04-2024 19:47:31";marcop;0;;;0.12;;;0;Each;1.00;202.000;0;marcop;0;;;
Iman;PRO0254;1;;"Fam Art";"Matéria Prima";;Iman;;;;;;"02-04-2024 19:49:03";marcop;"02-04-2024 19:49:03";marcop;0;;;0.07;;;0;Each;1.00;500.000;0;marcop;0;;;
"Garrafa Adbel";PRO0255;1;;"Fam Art";Bebidas;Vendors::::Makito;Garrafas;1760;;;;;"02-04-2024 21:59:13";marcop;"18-03-2026 19:42:28";marcop;0;;;11.9;;;0;Each;1.00;5.000;0;marcop;0;Captura-de-ecr__-2024-04-02-215851.png;;
"Copo Térmico Rosa Gold";PRO0256;1;;"Fam Art";Bebidas;"Vendors::::Mais Brindes";Copos;PP51367;;;;;"02-04-2024 22:00:41";marcop;"09-11-2024 00:37:36";marcop;0;;;15.5;;;0;Each;1.00;3.000;0;marcop;0;Captura-de-ecr__-2024-04-02-215938.png;;
"Agua Destilada";PRO0257;1;;"Fam Art";Outros;;Diversos;;;;;;"06-04-2024 15:15:23";josep;"06-04-2024 15:17:10";josep;0;;;;;;0;Each;1.00;4.000;0;josep;0;;;
"Saco Preto 15.5x12x5cm";PRO0258;1;;Imortalis;Outros;"Vendors::::Happy Store";Diversos;;;;;;"06-04-2024 16:58:45";josep;"06-04-2024 17:07:10";josep;0;;;;0.375;;0;Each;1.00;8.000;0;josep;0;;;
"Saco Preto 18x8x24cm";PRO0259;1;;"Fam Art";Outros;"Vendors::::Happy Store";Diversos;;;;;;"06-04-2024 16:59:32";josep;"06-04-2024 16:59:32";josep;0;;;;0.35;;0;Each;1.00;16.000;0;josep;0;;;
"Argolas p/porta-chaves 1x7 30g";PRO0260;1;;"Fam Art";Outros;"Vendors::::Happy Store";Diversos;;;;;;"06-04-2024 17:00:09";josep;"06-04-2024 17:00:09";josep;0;;;;0.35;;0;Each;1.00;2.000;0;josep;0;;;
"Jogo Pingo de Cera";PRO0261;1;;"Fam Art";Outros;;Diversos;;;;;;"11-04-2024 16:12:47";marcop;"11-04-2024 16:13:13";marcop;0;;;0.74;;;0;Each;1.00;999999.000;0;marcop;0;Imagem-WhatsApp-2024-04-11-__s-14.33.01_e9dc7853.jpg;;
"Convite Padrinhos - Pé";PRO0262;1;;"Fam Art";Batizados;;"Convites Padrinhos";;;;;;"13-04-2024 15:29:09";marcop;"05-12-2025 18:38:39";marcop;0;;;12;;;0;Each;1.00;999985.000;0;marcop;0;Captura-de-ecr__-2024-04-13-153110.png;;
"Porta chaves Cerzedelo";PRO0263;1;;"Fam Art";Outros;;"Porta Chaves";;;;;;"18-04-2024 15:22:02";marcop;"18-04-2024 15:22:13";marcop;0;;;0.47;;;0;Each;1.00;999890.000;0;marcop;0;;;
"Arco 270mm";PRO0264;1;;"Fam Art";Outros;;"Gravação / Corte";;;;"ne do crochê";;"18-04-2024 17:19:43";marcop;"18-04-2024 17:20:21";marcop;250;250;3;4;;;0;Each;1.00;999992.000;0;marcop;0;;;
"Placa Porta Alianças";PRO0265;1;;"Fam Art";Outros;;Diversos;;;;;;"18-04-2024 17:23:59";marcop;"08-10-2025 10:25:49";marcop;0;;;5;;;0;Each;1.00;999996.000;0;marcop;0;;;
"Lembrança Guias";PRO0266;1;;"Fam Art";Casamentos;;Lembranças;;;;;;"18-04-2024 17:25:02";marcop;"18-04-2024 17:26:11";marcop;0;;;3.4;;;0;Each;1.00;999960.000;0;marcop;0;;;
"Placa Entrada Igreja";PRO0267;1;;"Fam Art";Casamentos;;Lembranças;;;;;;"18-04-2024 17:25:21";marcop;"18-04-2024 17:25:51";marcop;0;;;20;;;0;Each;1.00;999998.000;0;marcop;0;;;
"Compressor SAU 200LT";PRO0268;1;;"Fam Art";Outros;;Diversos;;;;;;"18-04-2024 18:28:40";josep;"19-04-2024 10:39:48";marcop;0;;;;;;0;Each;1.00;1000000.000;0;josep;0;IMG_6103.jpeg;;
"Choupo 4mm";PRO0269;1;;"Fam Art";"Matéria Prima";;Madeira;;;;;;"18-04-2024 18:39:17";josep;"18-04-2024 18:39:17";josep;2520;1850;4;;;;0;Each;1.00;1000005.000;0;josep;0;;;
Publicitários;PRO0270;1;;"Fam Art";Outros;;Diversos;;;;;;"18-04-2024 18:55:41";josep;"18-04-2024 18:55:41";josep;0;;;;;;0;Each;1.00;1000000.000;0;josep;0;;;
"Fio Fino";PRO0271;1;;Imortalis;Joias;;Colares;;;;;;"22-04-2024 20:33:34";josep;"22-04-2024 20:33:59";josep;0;;;;;;0;Each;1.00;999997.000;0;josep;0;;;
"Coração Identificação Lugar";PRO0272;1;;"Fam Art";Casamentos;;"Marcadores de Mesa";;;;;;"29-04-2024 15:02:35";marcop;"29-04-2024 15:02:54";marcop;0;;;0.8;;;0;Each;1.00;999820.000;0;marcop;0;Captura-de-ecr__-2024-04-29-150016.png;;
"Topo Bolo Primeira Comunhão";PRO0273;1;;"Fam Art";"Cerimonias Religiosas";;"1* Comunhão";;;;;;"29-04-2024 19:00:34";josep;"14-05-2024 21:21:24";josep;0;;;10;;;0;Each;1.00;999997.000;0;josep;0;IMG_6279.jpeg;;
YOYO;PRO0274;1;;"Fam Art";Outros;;Diversos;;;;;;"30-04-2024 19:02:53";marcop;"03-03-2026 20:01:58";marcop;0;;;1.5;0.4;;0;Each;1.00;224.000;0;marcop;0;Captura-de-ecr__-2024-04-30-190136.png;;
"Saco 16,5 x 22 x 7 cm kraft";PRO0275;1;;"Fam Art";Outros;"Vendors::::360 Imprimir";Diversos;;;;;;"30-04-2024 19:17:20";marcop;"30-04-2024 19:17:20";marcop;0;;;;;;0;Each;1.00;250.000;0;josep;0;;;
"Saco 35 x 44 x 16 cm kraft";PRO0276;1;;"Fam Art";Outros;"Vendors::::360 Imprimir";Diversos;;;;;;"30-04-2024 19:18:23";marcop;"30-04-2024 19:18:23";marcop;0;;;;;;0;Each;1.00;100.000;0;josep;0;;;
"Saco 24 x 32 x 11 cm kraft";PRO0277;1;;"Fam Art";Outros;"Vendors::::360 Imprimir";Diversos;;;;;;"30-04-2024 19:18:53";marcop;"30-04-2024 19:18:53";marcop;0;;;;;;0;Each;1.00;100.000;0;josep;0;;;
"Feira Sermama";PRO0278;1;;"Fam Art";Outros;;Anuncios;;;;;;"30-04-2024 19:24:16";marcop;"30-04-2024 19:24:16";marcop;0;;;307.5;;;0;Each;1.00;1.000;0;marcop;0;;;
"Caixa Batismo XL";PRO0279;1;;"Fam Art";Batizados;;Caixas;;;;;;"01-05-2024 15:16:48";marcop;"21-04-2026 10:53:31";marcop;0;;;42;;;0;Each;1.00;999994.000;0;marcop;0;Captura-de-ecr__-2024-05-01-151900.png;;
"Tapete Meia Lua";PRO0280;1;;"Fam Art";Outros;;Decoração;;;;;;"02-05-2024 14:09:07";marcop;"20-05-2025 21:00:25";josep;0;;;18;;;0;Each;1.00;2.000;0;marcop;0;Captura-de-ecr__-2024-05-02-140837.png;;
"Placa Identificação Multicor 3010";PRO0281;1;;"Fam Art";Outros;;Decoração;;;;;;"04-05-2024 14:17:26";marcop;"04-05-2024 14:25:43";marcop;300;100;;12;;;0;Each;1.00;999996.000;0;marcop;0;IMG_20240504_141651.jpg;;
"Logotipo Acrílico 600";PRO0282;1;;"Fam Art";Outros;;Decoração;;;;;;"04-05-2024 14:24:51";marcop;"04-05-2024 14:24:51";marcop;0;;;;;;0;Each;1.00;999999.000;0;marcop;0;;;
"Porta Alianças Coração";PRO0283;1;;"Fam Art";Casamentos;;"Porta Alianças";;;;;;"08-05-2024 22:10:37";marcop;"23-12-2025 11:26:19";marcop;200;200;;16;;;0;Each;1.00;999998.000;0;marcop;0;IMG_20240511_144430.jpg;;
"Alcool Isopropilico";PRO0284;1;;"Fam Art";"Matéria Prima";;Diversos;;;;;;"09-05-2024 19:52:28";marcop;"09-05-2024 19:52:28";marcop;0;;;4.67;;;0;Each;1.00;1000000.000;0;marcop;0;;;
"Oleo Compressor 1L";PRO0285;1;;"Fam Art";"Matéria Prima";;Diversos;;;;;;"09-05-2024 19:52:53";marcop;"09-05-2024 19:52:53";marcop;0;;;6.56;;;0;Each;1.00;1000000.000;0;marcop;0;;;
"Spray Tinta Rosa";PRO0286;1;;"Fam Art";"Matéria Prima";;Diversos;;;;;;"09-05-2024 19:53:37";marcop;"09-05-2024 19:55:32";marcop;0;;;8.79;9;;0;Each;1.00;1000000.000;0;marcop;0;;;
"Spray Tinta Azul Celeste";PRO0287;1;;"Fam Art";"Matéria Prima";;Diversos;;;;;;"09-05-2024 19:54:11";marcop;"09-05-2024 19:54:11";marcop;0;;;9.49;;;0;Each;1.00;1000000.000;0;marcop;0;;;
"Spray Tinta Aqua";PRO0288;1;;"Fam Art";"Matéria Prima";;Diversos;;;;;;"09-05-2024 19:54:46";marcop;"09-05-2024 19:54:46";marcop;0;;;8.79;;;0;Each;1.00;1000000.000;0;marcop;0;;;
"Jogo da Memoria ""Animais da Quinta""";PRO0289;1;;"Fam Art";Jogos;;Memoria;;;;;;"11-05-2024 13:33:07";marcop;"30-09-2024 19:35:55";marcop;0;;;20;;;0;Each;1.00;4.000;0;marcop;0;IMG_20240511_140304.jpg;;
"Jogo da Memoria ""Animais da Selva""";PRO0290;1;;"Fam Art";Jogos;;Memoria;;;;;;"11-05-2024 13:33:33";marcop;"09-12-2024 11:24:22";marcop;0;;;20;;;0;Each;1.00;2.000;0;marcop;0;IMG_20240511_140144.jpg;;
"Milestones Princepezinho";PRO0291;1;;"Fam Art";"Eventos Diversos";;Recém-nascidos;;;;;;"11-05-2024 13:34:45";marcop;"11-05-2024 14:00:42";marcop;0;;;25;;;0;Each;1.00;0.000;0;admin;0;IMG_20240511_140006.jpg;;"Vários modelos e cores disponiveis"
"Milestones Nuvem";PRO0292;1;;"Fam Art";"Eventos Diversos";;Recém-nascidos;;;;;;"11-05-2024 13:34:59";marcop;"06-07-2024 11:22:13";marcop;0;;;25;;;0;Each;1.00;'-4.000;0;admin;0;IMG_20240511_135853.jpg;;"Vários modelos e cores disponiveis"
"Milestones Ursinho";PRO0293;1;;"Fam Art";"Eventos Diversos";;Recém-nascidos;;;;;;"11-05-2024 13:35:11";marcop;"27-10-2024 20:24:11";marcop;0;;;25;;;0;Each;1.00;'-1.000;0;admin;0;IMG_20240511_135802.jpg;;"Vários modelos e cores disponiveis"
"Milestones c/Flor";PRO0294;1;;"Fam Art";"Eventos Diversos";;Recém-nascidos;;;;;;"11-05-2024 13:35:33";marcop;"11-05-2024 13:56:41";marcop;0;;;25;;;0;Each;1.00;0.000;0;admin;0;IMG_20240401_143758_edit_934882647015157.jpg;;"Vários modelos e cores disponiveis"
"Milestones Simples";PRO0295;1;;"Fam Art";"Eventos Diversos";;Recém-nascidos;;;;;;"11-05-2024 13:36:24";marcop;"31-10-2024 09:28:50";marcop;0;;;23;;;0;Each;1.00;'-13.000;0;admin;0;IMG-20240401-WA0010_edit_934895304788593.jpg;;"Vários modelos e cores disponiveis"
"Milestones Hexagono";PRO0296;1;;"Fam Art";"Eventos Diversos";;Recém-nascidos;;;;;;"11-05-2024 13:36:50";marcop;"11-05-2024 13:55:12";marcop;0;;;25;;;0;Each;1.00;0.000;0;admin;0;IMG_20240401_143840.jpg;;"Vários modelos e cores disponiveis"
"Milestones Folhas";PRO0297;1;;"Fam Art";"Eventos Diversos";;Recém-nascidos;;;;;;"11-05-2024 13:37:08";marcop;"11-05-2024 13:55:41";marcop;0;;;25;;;0;Each;1.00;0.000;0;admin;0;IMG-20240401-WA0005_edit_934909396738591.jpg;;"Vários modelos e cores disponiveis"
"Separador de Roupa 24 Meses";PRO0298;1;;"Fam Art";"Eventos Diversos";;Recém-nascidos;;;;;;"11-05-2024 14:08:19";marcop;"11-05-2024 14:08:55";marcop;0;;;20;;;0;Each;1.00;0.000;0;marcop;0;IMG_20240511_140504_1.jpg;;
"Mealheiro MDF e Acrilico";PRO0299;1;;"Fam Art";Outros;;Decoração;;;;;;"11-05-2024 14:13:38";marcop;"26-03-2026 10:52:37";marcop;0;;;18;;;0;Each;1.00;'-11.000;0;marcop;0;IMG_20240511_141154.jpg;;
"Lembrança montanha";PRO0300;1;;"Fam Art";"Cerimonias Religiosas";;Diversos;;;;;;"13-05-2024 22:31:28";josep;"29-03-2025 10:34:24";josep;0;;;;;;0;Each;1.00;999974.000;0;josep;0;;;
"Convite Pé Padrinho pingo de cera";PRO0301;1;;"Fam Art";Batizados;;"Convites Padrinhos";;;;;;"14-05-2024 20:46:34";josep;"14-08-2024 17:06:50";marcop;0;;;5;;;0;Each;1.00;999997.000;0;josep;0;IMG_6271.jpeg;;
"Convite Pé Padrinhos STD";PRO0302;1;;"Fam Art";Batizados;;"Convites Padrinhos";;;;;;"14-05-2024 20:50:29";josep;"19-08-2025 18:09:48";marcop;0;;;10;;;0;Each;1.00;999998.000;0;josep;0;IMG_6272.jpeg;;
"Convite Ursinho Padrinho STD";PRO0303;1;;"Fam Art";Batizados;;"Convites Padrinhos";;;;;;"14-05-2024 20:50:47";josep;"30-09-2025 11:00:39";marcop;0;;;10;;;0;Each;1.00;1000000.000;0;josep;0;IMG_6273.jpeg;;
"Convite Ursinho Madrinha STD";PRO0304;1;;"Fam Art";Batizados;;"Convites Padrinhos";;;;;;"14-05-2024 20:51:00";josep;"14-05-2024 20:54:45";josep;0;;;8;;;0;Each;1.00;1000000.000;0;josep;0;IMG_6274.jpeg;;
"Jogo do Galo";PRO0305;1;;"Fam Art";Jogos;;Galo;;;;;;"14-05-2024 20:55:58";josep;"05-09-2024 23:06:20";josep;0;;;10;;;0;Each;1.00;999998.000;0;josep;0;IMG_6275.jpeg;;
"Convite Circular Padrinho STD";PRO0306;1;;"Fam Art";Batizados;;"Convites Padrinhos";;;;;;"14-05-2024 21:00:23";josep;"28-03-2025 18:56:22";marcop;0;;;10;;;0;Each;1.00;999999.000;0;josep;0;IMG_6276.jpeg;;
"Convite Circular Madrinha STD";PRO0307;1;;"Fam Art";Batizados;;"Convites Padrinhos";;;;;;"14-05-2024 21:00:34";josep;"14-05-2024 21:02:16";josep;0;;;10;;;0;Each;1.00;1000000.000;0;josep;0;IMG_6277.jpeg;;
"Topo Bolo Batizado";PRO0308;1;;"Fam Art";Batizados;;"Topo de Bolo";;;;;;"14-05-2024 21:12:37";josep;"26-03-2026 10:54:30";marcop;0;;;10;;;0;Each;1.00;999995.000;0;josep;0;IMG_6280.jpeg;;
"Topo Bolo Aniversário";PRO0309;1;;"Fam Art";"Eventos Diversos";;"Topo de Bolo";;;;;;"14-05-2024 21:16:54";josep;"30-09-2025 15:27:18";marcop;0;;;10;;;0;Each;1.00;999997.000;0;josep;0;IMG_6281.jpeg;;
"Convite Padrinho Caixa com Puzzle";PRO0310;1;;"Fam Art";Batizados;;"Convites Padrinhos";;;;;;"14-05-2024 21:35:19";josep;"28-08-2024 21:05:38";josep;150;150;;16;;;0;Each;1.00;999995.000;0;marcop;0;IMG_6283.jpeg;;
"Convite Madrinha Caixa com Puzzle";PRO0311;1;;"Fam Art";Batizados;;"Convites Padrinhos";;;;;;"14-05-2024 21:37:35";josep;"14-05-2024 21:39:00";josep;150;150;;16;;;0;Each;1.00;999996.000;0;marcop;0;IMG_6283.jpeg;;
"Moldura Recém Nascido";PRO0312;1;;"Fam Art";Outros;;Decoração;;;;;;"14-05-2024 21:43:22";josep;"11-12-2025 18:55:07";josep;0;;;25;;;0;Each;1.00;999993.000;0;josep;0;IMG-20240522-WA0027.jpg,IMG-20240522-WA0029.jpg;;
"Lembrança Batismo Coroa com fundo rosa";PRO0313;1;;"Fam Art";Batizados;;Lembranças;;;;;;"15-05-2024 19:42:30";josep;"13-06-2024 15:04:41";marcop;0;;;2.25;;;0;Each;1.00;999980.000;0;josep;0;IMG_6285.jpeg;"Opção íman ou base";
"Lembrança Batismo com foto";PRO0314;1;;"Fam Art";Batizados;;Lembranças;;;;;;"15-05-2024 19:45:14";josep;"16-05-2026 12:13:47";marcop;0;;;2.5;;;0;Each;1.00;999975.000;0;josep;0;IMG_6286.jpeg;"Com íman ";
"Lembrança Batismo com foto e pergaminho";PRO0315;1;;"Fam Art";Batizados;;Lembranças;;;;;;"15-05-2024 19:45:44";josep;"03-07-2025 16:11:59";marcop;0;;;2.5;;;0;Each;1.00;999978.000;0;josep;0;IMG_6287.jpeg;"Com íman ";
"Lembrança Batismo Anjo";PRO0316;1;;"Fam Art";Batizados;;Lembranças;;;;;;"15-05-2024 19:46:37";josep;"15-05-2024 20:18:25";josep;0;;;1;;;0;Each;1.00;1000000.000;0;josep;0;IMG_6296.jpeg;"Com íman ";
"Lembrança Batismo Anjo forma Oval";PRO0317;1;;"Fam Art";Batizados;;Lembranças;;;;;;"15-05-2024 19:47:09";josep;"15-05-2024 20:19:10";josep;0;;;2;;;0;Each;1.00;1000000.000;0;josep;0;IMG_6295.jpeg;"Com íman ";
"Lembrança Batismo com Foto Cores";PRO0318;1;;"Fam Art";Batizados;;Lembranças;;;;;;"15-05-2024 19:47:57";josep;"25-09-2025 16:40:40";marcop;0;;;3;;;0;Each;1.00;999960.000;0;josep;0;IMG_6294.jpeg;"Com íman ";
"Lembrança Batismo com 2 Pombas";PRO0319;1;;"Fam Art";Batizados;;Lembranças;;;;;;"15-05-2024 19:48:46";josep;"15-05-2024 20:19:23";josep;0;;;1.75;;;0;Each;1.00;1000000.000;0;josep;0;IMG_6293.jpeg;"Com íman ";
"Lembrança Batismo Anjo da Guarda";PRO0320;1;;"Fam Art";Batizados;;Lembranças;;;;;;"15-05-2024 19:49:01";josep;"15-05-2024 20:19:38";josep;0;;;1.75;;;0;Each;1.00;1000000.000;0;josep;0;IMG_6288.jpeg;"Com íman ";
"Lembrança Batismo Pomba";PRO0321;1;;"Fam Art";Batizados;;Lembranças;;;;;;"15-05-2024 19:50:06";josep;"15-05-2024 20:19:53";josep;0;;;1.75;;;0;Each;1.00;1000000.000;0;josep;0;IMG_6291.jpeg;"Com íman ";
"Lembrança Batismo Pomba Exterior";PRO0322;1;;"Fam Art";Batizados;;Lembranças;;;;;;"15-05-2024 19:50:24";josep;"15-05-2024 20:20:08";josep;0;;;1.75;;;0;Each;1.00;1000000.000;0;josep;0;IMG_6292.jpeg;"Com íman ";
"Lembrança Comunhão Cálice e Bíblia";PRO0323;1;;"Fam Art";"Cerimonias Religiosas";;"1* Comunhão";;;;;;"15-05-2024 19:55:03";josep;"16-05-2026 11:43:57";marcop;0;;;1.85;;;0;Each;1.00;999980.000;0;josep;0;IMG_6289.jpeg;"Com íman ";
"Lembrança Comunhão Cálice e Anjo";PRO0324;1;;"Fam Art";"Cerimonias Religiosas";;"1* Comunhão";;;;;;"15-05-2024 19:55:33";josep;"15-05-2024 19:56:29";josep;0;;;2.1;;;0;Each;1.00;1000000.000;0;josep;0;IMG_6290.jpeg;"Com íman ";
"Convite Aniversário Mickey";PRO0325;1;;"Fam Art";"Eventos Diversos";;Placas;;;;;;"15-05-2024 20:27:39";josep;"15-05-2024 20:34:03";josep;0;;;3;;;0;Each;1.00;1000000.000;0;josep;0;IMG_6297.jpeg;;
"Régua Crescimento Simples";PRO0326;1;;"Fam Art";Outros;;Decoração;;;;;;"15-05-2024 20:51:26";josep;"10-03-2026 12:16:25";marcop;0;;;20;;;0;Each;1.00;1000000.000;0;josep;0;IMG_6298.jpeg;;
"Nome de Parede com Letra inicial";PRO0327;1;;"Fam Art";Outros;;Decoração;;;;;;"15-05-2024 20:59:19";josep;"15-05-2024 21:02:55";josep;0;;;17;;;0;Each;1.00;1000000.000;0;josep;0;IMG_6300.jpeg;;
"Nome de Parede c/ Rebordo";PRO0328;1;;"Fam Art";Outros;;Decoração;;;;;;"15-05-2024 20:59:46";josep;"11-04-2025 18:38:33";marcop;0;;;15;;;0;Each;1.00;999995.000;0;josep;0;IMG_6299.jpeg;;
"Porta Cartões Alumínio";PRO0329;1;;"Fam Art";Outros;;Diversos;;;;;;"15-05-2024 21:10:26";josep;"20-12-2025 15:33:27";josep;0;;;8;;;0;Each;1.00;999991.000;0;josep;0;IMG_6301.jpeg;;
"Lente Foco CO2 20mm 63.5mm";PRO0330;1;;"Fam Art";Consumiveis;;Lentes;;;;;;"16-05-2024 18:05:29";marcop;"16-05-2024 18:08:42";marcop;0;;;17.01;;;0;Each;1.00;2.000;0;marcop;0;Captura-de-ecr__-2024-05-16-180806.png;;
"Espelho CO2 20mm Pack 3 Uni";PRO0331;1;;"Fam Art";Consumiveis;;Espelhos;;;;;;"16-05-2024 18:10:06";marcop;"16-05-2024 18:16:37";marcop;0;;;5.59;;;0;Each;1.00;3.000;0;marcop;0;Captura-de-ecr__-2024-05-16-180949.png;;
"Espelho CO2 25mm Pack 3 Uni";PRO0332;1;;"Fam Art";Consumiveis;;Espelhos;;;;;;"16-05-2024 18:16:10";marcop;"16-05-2024 18:16:10";marcop;0;;;5.84;;;0;Each;1.00;6.000;0;marcop;0;;;
"Sensor OMCH Proximidade";PRO0333;1;;"Fam Art";Consumiveis;;Sensores;;;;;;"16-05-2024 18:17:46";marcop;"16-05-2024 18:17:46";marcop;0;;;2.33;;;0;Each;1.00;2.000;0;marcop;0;Captura-de-ecr__-2024-05-16-181727.png;;
"Saco Autoadesivo 18x25cm";PRO0334;1;;"Fam Art";Consumiveis;;Diversos;;;;;;"16-05-2024 18:23:16";marcop;"16-05-2024 18:24:07";marcop;0;;;10.39;;;0;Each;200.00;1.000;0;marcop;0;Captura-de-ecr__-2024-05-16-182300.png;;
"Saco Autoadesivo 24x34cm";PRO0335;1;;"Fam Art";Consumiveis;;Diversos;;;;;;"16-05-2024 18:23:55";marcop;"16-05-2024 18:23:55";marcop;0;;;10.72;;;0;Each;200.00;1.000;0;marcop;0;;;
"Sacos de envio plásticos opacos do PE de Inplusop 25x35cm";PRO0336;1;;"Fam Art";Consumiveis;;Diversos;;;;;;"16-05-2024 18:27:37";marcop;"16-05-2024 18:27:37";marcop;0;;;7;;;0;Each;50.00;1.000;0;marcop;0;Captura-de-ecr__-2024-05-16-182718.png;;
"Sacos de envio plásticos opacos do PE de Inplusop 25x30cm";PRO0337;1;;"Fam Art";Consumiveis;;Diversos;;;;;;"16-05-2024 18:28:12";marcop;"16-05-2024 18:28:12";marcop;0;;;6.45;;;0;Each;50.00;1.000;0;marcop;0;;;
"Caixa cartão 15x10x3cm";PRO0338;1;;"Fam Art";Consumiveis;;Diversos;;;;;;"16-05-2024 18:30:12";marcop;"16-05-2024 18:30:12";marcop;0;;;10.39;;;0;Each;20.00;1.000;0;marcop;0;Captura-de-ecr__-2024-05-16-182950.png;;
"Saco Autoadesivo 12x17cm";PRO0339;1;;"Fam Art";Consumiveis;;Diversos;;;;;;"16-05-2024 18:32:47";marcop;"16-05-2024 18:32:47";marcop;0;;;5.81;;;0;Each;200.00;2.000;0;marcop;0;;;
"Fita Cola Dupla Face 15.24cm x 24.69mts";PRO0340;1;;"Fam Art";"Matéria Prima";;Cola;;https://www.temu.com/goods.html?_bg_fs=1&goods_id=601099562058228&sku_id=17592401522379&_oak_page_so;;;;"16-05-2024 18:52:42";marcop;"16-05-2024 18:53:32";marcop;0;;;25.48;;;0;Each;1.00;1.000;0;marcop;0;Captura-de-ecr__-2024-05-16-185158.png;;
"Luvas Nitrilo Descartáveis";PRO0341;1;;"Fam Art";Consumiveis;;Diversos;;https://www.temu.com/goods.html?_bg_fs=1&goods_id=601099562058228&sku_id=17592401522379&_oak_page_so;;;;"16-05-2024 18:56:09";marcop;"16-05-2024 18:56:09";marcop;0;;;7.91;;;0;Each;100.00;1.000;0;marcop;0;Captura-de-ecr__-2024-05-16-185544.png;;
"Polos Personalizados";PRO0342;1;;"Fam Art";Outros;;Diversos;;;;;;"16-05-2024 19:01:50";marcop;"01-07-2026 17:39:57";marcop;0;;;15;;;0;Each;1.00;'-80.000;0;marcop;0;;;
"Placa Nascimento";PRO0343;1;;"Fam Art";"Eventos Diversos";;Recém-nascidos;;;;;;"16-05-2024 19:12:45";josep;"16-05-2024 20:25:07";josep;0;;;11.5;;;0;Each;1.00;1000000.000;0;josep;0;image.jpg;;
"Mealheiro MDF";PRO0344;1;;"Fam Art";Outros;;Decoração;;;;;;"16-05-2024 19:15:29";josep;"18-12-2025 17:08:11";marcop;0;;;8;;;0;Each;1.00;'-5.000;0;marcop;0;IMG_6307.jpeg;;
"Moldura árvore c\ 3 fotos";PRO0345;1;;"Fam Art";Outros;;Decoração;;;;;;"16-05-2024 19:21:18";josep;"19-11-2024 15:55:16";marcop;0;;;30;;;0;Each;1.00;1000000.000;0;josep;0;17159668232731754112818980429365.jpg;;
"Árvore da vida M2";PRO0346;1;;"Fam Art";Outros;;Decoração;;;;;;"16-05-2024 19:27:09";josep;"16-04-2025 15:58:34";marcop;0;;;15;;;0;Each;1.00;999999.000;0;josep;0;IMG_6308.jpeg;;
"Caixa coração";PRO0347;1;;"Fam Art";Outros;;Decoração;;;;;;"16-05-2024 19:31:41";josep;"30-04-2025 18:34:59";josep;0;;;20;;;0;Each;1.00;999999.000;0;josep;0;IMG_6309.jpeg;;
"Quebra cabeças das letras";PRO0348;1;;"Fam Art";Jogos;;"Quebra Cabeças";;;;;;"16-05-2024 20:21:10";josep;"17-05-2024 18:19:33";marcop;0;;;18.95;;;0;Each;1.00;1000000.000;0;josep;0;IMG_20240517_181628.jpg;;
"Quebra cabeças dos números";PRO0349;1;;"Fam Art";Jogos;;"Quebra Cabeças";;;;;;"16-05-2024 20:22:31";josep;"17-05-2024 18:16:47";marcop;0;;;14.6;;;0;Each;1.00;1000000.000;0;josep;0;IMG_20240517_181621.jpg;;
"Quebra cabeças das formas";PRO0350;1;;"Fam Art";Jogos;;"Quebra Cabeças";;;;;;"16-05-2024 20:23:33";josep;"17-05-2024 18:18:11";marcop;0;;;14.6;;;0;Each;1.00;1000000.000;0;josep;0;IMG_20240517_181624.jpg;;
"Quadro 1º ano de vida";PRO0351;1;;"Fam Art";"Eventos Diversos";;Recém-nascidos;;;;;;"16-05-2024 20:28:33";josep;"13-06-2024 20:40:50";marcop;0;;;45;;;0;Each;1.00;1000000.000;0;josep;0;IMG_20240517_181324.jpg;;
"Kit parede Safari";PRO0352;1;;"Fam Art";Outros;;Decoração;;;;;;"16-05-2024 20:36:20";josep;"17-05-2024 18:15:22";marcop;0;;;45;;;0;Each;1.00;1000000.000;0;josep;0;IMG_20240517_181313.jpg;;
"Caixa Batismo S";PRO0353;1;;"Fam Art";Batizados;;Caixas;;;;;;"16-05-2024 20:52:44";josep;"22-08-2025 16:02:13";marcop;0;;;37;;;0;Each;1.00;999992.000;0;marcop;0;;;
"Caixa ""Dia do Pai""";PRO0354;1;;"Fam Art";"Eventos Diversos";;"Dia Do Pai";;;;;;"16-05-2024 21:06:30";josep;"19-03-2025 16:52:23";marcop;0;;;25;;;0;Each;1.00;999999.000;0;josep;0;17159665984227075862442619200521.jpg;;
"Árvore da vida M1";PRO0355;1;;"Fam Art";Outros;;Decoração;;;;;;"16-05-2024 21:16:51";josep;"06-03-2026 18:53:25";marcop;0;;;18;;;0;Each;1.00;999989.000;0;josep;0;image.jpg;;
"Caixa para lembranças";PRO0356;1;;"Fam Art";Outros;;Decoração;;;;;;"16-05-2024 21:20:07";josep;"28-01-2026 20:47:05";marcop;0;;;4;;;0;Each;1.00;999998.000;0;josep;0;17159664858042243254112455571131.jpg;;
"Nome de Parede com Letra inicial e Desenho";PRO0357;1;;"Fam Art";Outros;;Decoração;;;;;;"16-05-2024 21:23:25";josep;"16-05-2024 23:55:40";marcop;0;;;19;;;0;Each;1.00;1000000.000;0;josep;0;_INS7384.JPG;;
"Troféu ""Melhor Pai do Mundo""";PRO0358;1;;"Fam Art";"Eventos Diversos";;"Dia Do Pai";;;;;;"16-05-2024 21:30:16";josep;"19-02-2025 18:12:58";marcop;0;;;16.9;;;0;Each;1.00;999998.000;0;marcop;0;17159667345215171407292819096563.jpg;;
"Moldura ""Dia da Mãe""";PRO0359;1;;"Fam Art";"Eventos Diversos";;"Dia da Mãe";;;;;;"16-05-2024 21:34:55";josep;"06-03-2025 11:30:45";marcop;0;;;16;;;0;Each;1.00;999998.000;0;josep;0;17159665157105562843705449964772.jpg;;
"Troféu para Padrinho";PRO0360;1;;"Fam Art";Outros;;Decoração;;;;;;"16-05-2024 21:38:31";josep;"17-05-2024 18:25:14";marcop;0;;;15;;;0;Each;1.00;999999.000;0;josep;0;17159666872476200345974378671261.jpg;;
"Quadros dos Netos";PRO0361;1;;"Fam Art";Outros;;Decoração;;;;;;"16-05-2024 22:05:03";josep;"22-12-2025 11:25:07";marcop;0;;;35;;;0;Each;1.00;999996.000;0;josep;0;image.jpg;;
"Milestones Mickey";PRO0362;1;;"Fam Art";"Eventos Diversos";;Recém-nascidos;;;;;;"20-05-2024 14:29:52";marcop;"20-05-2024 14:29:52";marcop;0;;;25;;;0;Each;1.00;'-1.000;0;admin;0;Imagem-WhatsApp-2024-05-20-__s-14.12.17_984f0324.jpg;;"Vários modelos e cores disponiveis"
"Quadro 1Ano Info";PRO0363;1;;"Fam Art";"Eventos Diversos";;Recém-nascidos;;;;;;"23-05-2024 09:19:15";marcop;"25-09-2025 18:19:58";marcop;0;;;25;;;0;Each;1.00;999996.000;0;marcop;0;Imagem-WhatsApp-2024-05-21-__s-19.58.39_c4a358c6.jpg;;
"Coroa Caixa Batismo Pingo de Cera";PRO0364;1;;"Fam Art";Batizados;;Caixas;;;;;;"23-05-2024 15:01:12";marcop;"18-06-2024 18:57:07";marcop;0;;;1.8;;;0;Each;1.00;999997.000;0;marcop;0;thumbnail_01.png;;
"Pulseira Nascimento Pingo de Cera";PRO0365;1;;"Fam Art";"Eventos Diversos";;Recém-nascidos;;;;;;"23-05-2024 15:09:47";marcop;"25-03-2025 11:58:00";marcop;0;;;2;;;0;Each;1.00;999978.000;0;marcop;0;Captura-de-ecr__-2024-05-23-150927.png;;
"Marcador Livros Pingo de Cera";PRO0366;1;;"Fam Art";Outros;;Diversos;;;;;;"23-05-2024 15:19:04";marcop;"11-11-2024 11:32:07";marcop;0;;;1.5;;;0;Each;1.00;999989.000;0;marcop;0;thumbnail_Captura-de-ecr__-2024-05-23-144115.png;;
"Lembrança c/foto Pingo de Cera";PRO0367;1;;"Fam Art";Batizados;;Lembranças;;;;;;"23-05-2024 15:32:59";marcop;"28-05-2024 17:57:28";marcop;0;;;1.9;;;0;Each;1.00;999999.000;0;marcop;0;Captura-de-ecr__-2024-05-23-153236.png;;
"Aplique Cruzeta";PRO0368;1;;"Fam Art";"Eventos Diversos";;Placas;;;;;;"27-05-2024 00:14:50";marcop;"27-05-2024 00:14:50";marcop;80;80;;3;;;0;Each;1.00;1000000.000;0;marcop;0;;;
"Lembrança 6cm Pingo de Cera";PRO0369;1;;"Fam Art";Batizados;;Lembranças;;;;;;"28-05-2024 17:57:55";marcop;"07-04-2025 16:50:33";marcop;0;;;0.8;;;0;Each;1.00;999982.000;0;marcop;0;;;
"Rota Norte Iman";PRO0370;1;;"Fam Art";"Eventos Diversos";;Placas;;;;;;"28-05-2024 18:07:17";marcop;"28-05-2024 18:08:39";marcop;140;110;;1.2;;;0;Each;1.00;999980.000;0;marcop;0;IMG_20240528_180659.jpg;;
"Lembrança Batizado Minnie";PRO0371;1;;"Fam Art";Batizados;;Lembranças;;;;;;"05-06-2024 18:23:37";josep;"05-06-2024 18:23:45";josep;0;;;1.75;;;0;Each;1.00;999995.000;0;josep;0;;;
"Arvore da Vida c/fotos";PRO0372;1;;"Fam Art";Outros;;Decoração;;;;;;"06-06-2024 14:25:41";marcop;"31-03-2026 18:53:04";josep;0;;;25;;;0;Each;1.00;999976.000;0;marcop;0;;;
"Nomes 850";PRO0373;1;;"Fam Art";Outros;;"Gravação / Corte";;;;;;"12-06-2024 12:59:40";marcop;"12-06-2024 13:00:20";marcop;850;850;0.75;45;;;0;Each;1.00;999999.000;0;marcop;0;;;
"Coração 7060 Pingo de Cera";PRO0374;1;;"Fam Art";Outros;;Diversos;;;;;;"13-06-2024 14:57:30";marcop;"17-07-2024 19:02:51";marcop;70;60;;0.8;;;0;Each;1.00;999990.000;0;marcop;0;Captura-de-ecr__-2024-06-13-145526.png;;
"Cruzeta 3519";PRO0375;1;;"Fam Art";Batizados;;Cabides;;;;;;"13-06-2024 15:02:20";marcop;"13-06-2024 15:06:12";marcop;350;190;;10;;;0;Each;1.00;999999.000;0;marcop;0;IMG_20240613_150148.jpg;;
"Porta chaves Camião";PRO0376;1;;"Fam Art";Casamentos;;Lembranças;;;;;;"17-06-2024 21:58:43";marcop;"17-06-2024 21:58:55";marcop;60;30;;1.2;;;0;Each;1.00;999870.000;0;marcop;0;;;
"Mãe Gravida";PRO0377;1;;"Fam Art";"Eventos Diversos";;Recém-nascidos;;;;;;"19-06-2024 18:55:37";marcop;"19-06-2024 21:57:36";marcop;0;;;12;;;0;Each;1.00;999999.000;0;marcop;0;IMG_6642.jpeg;;
"Expositor Brincos Mocho";PRO0378;1;;"Fam Art";Outros;;Diversos;;;;;;"22-06-2024 15:12:43";marcop;"15-10-2024 12:28:51";marcop;0;;;4;;;0;Each;1.00;999960.000;0;marcop;0;IMG_20240626_145620.jpg;;
"Porta chaves 3560 Pingo Cera";PRO0379;1;;"Fam Art";Outros;;"Porta Chaves";;;;;;"25-06-2024 15:59:47";marcop;"06-12-2025 16:10:07";marcop;35;60;;0.6;;;0;Each;1.00;999991.000;0;marcop;0;Captura-de-ecr__-2024-06-25-155910.png;;
"Quadro 2020 Pingo de cera";PRO0380;1;;"Fam Art";Outros;;Decoração;;;;;;"25-06-2024 16:03:08";marcop;"25-06-2024 18:11:01";marcop;200;200;;4.5;;;0;Each;1.00;999996.000;0;marcop;0;Captura-de-ecr__-2024-06-25-160211.png;;
"Lembranças Finalistas Meninos";PRO0381;1;;"Fam Art";"Eventos Diversos";;Finalistas;;;;;;"26-06-2024 18:33:49";marcop;"02-07-2026 09:02:35";marcop;0;;;2.5;;;0;Each;1.00;999988.000;0;marcop;0;IMG_20240621_185818_1.jpg;;
"Imans Agradecimento Finalistas";PRO0382;1;;"Fam Art";Outros;;Iman;;;;;;"27-06-2024 11:40:29";marcop;"03-07-2024 19:32:24";marcop;70;76;3;1.5;;;0;Each;1.00;999844.000;0;marcop;0;IMG_20240509_201253.jpg;;
"Marcador Livros";PRO0383;1;;"Fam Art";Outros;;Diversos;;;;;;"27-06-2024 11:47:37";marcop;"27-06-2024 11:49:15";marcop;0;;;5.5;;;0;Each;1.00;999993.000;0;marcop;0;Captura-de-ecr__-2024-06-27-114831.png;;
"Medalha Personalizada";PRO0384;1;;"Fam Art";"Eventos Diversos";;Lembranças;;;;;;"29-06-2024 16:08:12";marcop;"25-06-2026 12:02:59";marcop;100;100;;4.8;;;0;Each;1.00;999755.000;0;marcop;0;;;
"Caixa IPA - Instituto Português de Aromaterapia";PRO0385;1;;"Fam Art";Outros;;Diversos;;;;;;"02-07-2024 09:25:10";marcop;"11-06-2026 10:47:41";marcop;0;;;6;;;0;Each;1.00;999548.000;0;marcop;0;;;
"Caneta Branca";PRO0386;1;;"Fam Art";"Para Profissionais";;Canetas;;;;5418;;"03-07-2024 19:49:38";marcop;"08-04-2026 10:53:40";marcop;0;;;0.7;;;0;Each;1.00;416.000;0;admin;0;;;"Descubra a Esferográfica Trocum, a caneta perfeita para quem valoriza elegância e funcionalidade no dia a dia. Com seu design bicolor e acabamento em alumínio, oferece conforto e estilo ao escrever.

Material: Alumínio
Mecanismo: Pulsador
Design: Elegante de duas cores
Versões de cor: Variedade
Clipe: Original
Detalhes: Anéis e ponta prateados
Cartucho: Jumbo
Tinta: Azul
Carga: Jumbo
A Esferográfica Trocum é uma excelente escolha para quem procura uma caneta de alta qualidade e durabilidade. Feita em alumínio resistente, é ideal tanto para uso pessoal quanto profissional. Sua tinta azul assegura uma escrita fluída e contínua, enquanto o mecanismo pulsador garante praticidade. O design sofisticado com clipe original e detalhes prateados realça sua beleza, fazendo da Esferográfica Trocum um objeto de destaque na categoria de escrita. Perfeita para o ambiente corporativo, escolar ou para o seu dia a dia, ela certamente adicionará um toque de classe as suas anotações. Escolha a cor que mais combina com seu estilo e deixe que a Esferográfica Trocum seja sua companheira de confiança para registrar momentos importantes"
"Coração 3030 c/ gravação";PRO0387;1;;"Fam Art";"Cerimonias Religiosas";;Diversos;;;;;;"04-07-2024 18:57:19";marcop;"04-07-2024 19:05:11";marcop;0;;;0.45;;;0;Each;1.00;999960.000;0;marcop;0;;;
"Coração 3030 s/ gravação";PRO0388;1;;"Fam Art";"Cerimonias Religiosas";;Diversos;;;;;;"04-07-2024 19:05:26";marcop;"04-07-2024 19:06:07";marcop;0;;;0.37;;;0;Each;1.00;999950.000;0;marcop;0;;;
"Impressão Expositores";PRO0389;1;;"Fam Art";Consumiveis;Vendors::::Digipaper;Diversos;;;;;;"04-07-2024 21:54:57";marcop;"04-07-2024 21:54:57";marcop;0;;;3;;;0;Each;1.00;1000000.000;0;marcop;0;;;
"Tripe Dobrável";PRO0390;1;;"Fam Art";Outros;;Diversos;;;;;;"04-07-2024 22:11:17";marcop;"18-07-2024 12:14:40";marcop;0;;;30;18.15;;0;Each;1.00;1000001.000;0;marcop;0;Senza_nome.jpg;;
"Parafusos de aço inoxidável Afastador";PRO0391;1;;"Fam Art";Consumiveis;;Parafusos;;;;;;"04-07-2024 22:13:21";marcop;"04-07-2024 22:13:21";marcop;0;;;;28.51;;0;Each;100.00;1.000;0;marcop;0;Captura-de-ecr__-2024-07-04-221219.png;;
"Parafusos de aço dourado Rivet";PRO0392;1;;"Fam Art";Consumiveis;;Parafusos;;;;;;"04-07-2024 22:15:52";marcop;"04-07-2024 22:16:33";marcop;0;;;;15.79;;0;Each;25.00;6.000;0;marcop;0;Captura-de-ecr__-2024-07-04-221526.png;;
"Convite Padrinhos - Garrafa";PRO0394;1;;"Fam Art";Batizados;;"Convites Padrinhos";;;;;;"09-07-2024 15:21:15";marcop;"09-07-2024 15:27:40";marcop;120;120;;9;;;0;Each;1.00;999985.000;0;marcop;0;;;
"Convite Padrinhos - Coração";PRO0395;1;;"Fam Art";Batizados;;"Convites Padrinhos";;;;;;"09-07-2024 15:27:50";marcop;"09-07-2024 15:28:11";marcop;120;120;;9;;;0;Each;1.00;999984.000;0;marcop;0;;;
"Caixa Flex";PRO0396;1;;"Fam Art";Outros;;Diversos;;;;;;"09-07-2024 22:21:33";marcop;"09-12-2024 11:27:49";marcop;0;;;;;;0;Each;1.00;999948.000;0;marcop;0;;;
"Placa Bem Vindos";PRO0397;1;;"Fam Art";Casamentos;;Placas;;;;;;"11-07-2024 14:50:37";marcop;"28-06-2025 11:39:32";josep;0;;;50;;;0;Each;1.00;999995.000;0;marcop;0;;;
"Lembrança - Dezena";PRO0398;1;;"Fam Art";Batizados;;Lembranças;;;;;;"15-07-2024 19:20:51";marcop;"15-07-2024 19:45:19";marcop;0;;;3;;;0;Each;1.00;1000000.000;0;marcop;0;;;
"Escovas Pingo de Cera";PRO0399;1;;"Fam Art";Outros;;Diversos;;;;;;"15-07-2024 23:09:47";marcop;"15-07-2024 23:12:06";marcop;0;;;0.35;;;0;Each;1.00;999998.000;0;marcop;0;;;
"Fita Bicolor Para Medalhas";PRO0400;1;;"Fam Art";"Eventos Diversos";;Lembranças;;;;;;"18-07-2024 11:59:56";marcop;"18-07-2024 11:59:56";marcop;0;;;;;;0;Each;1.00;70.000;0;marcop;0;Captura-de-ecr__-2024-07-18-115937.png;;
"WATOH Porta-chaves em metal";PRO0401;1;;"Fam Art";Outros;;"Porta Chaves";;;;PP17051.1;;"18-07-2024 12:00:52";marcop;"18-12-2024 11:50:40";marcop;0;;;5.9;1.66;;0;Each;1.00;88.000;0;marcop;0;Captura-de-ecr__-2024-07-18-120028.png;;
"Porta-Chaves Nevek";PRO0402;1;;"Fam Art";Outros;;"Porta Chaves";4207;;;4207;;"18-07-2024 12:01:33";marcop;"24-01-2026 10:50:17";josep;0;;;2;0.4;;0;Each;1.00;344.000;0;marcop;0;Captura-de-ecr__-2024-07-18-120118.png;;
"Fita Led SMD2835";PRO0403;1;;"Fam Art";"Matéria Prima";;LED;;;;;;"18-07-2024 12:17:31";marcop;"18-07-2024 12:17:31";marcop;0;;;20;15.41;;0;Each;1.00;1.000;0;marcop;0;Captura-de-ecr__-2024-07-18-121709.png;;
"USB Touch Dimming Switch Cable LED";PRO0404;1;;"Fam Art";"Matéria Prima";;LED;;;;;;"18-07-2024 12:20:11";marcop;"18-07-2024 12:20:11";marcop;0;;;4;1.97;;0;Each;1.00;35.000;0;marcop;0;Captura-de-ecr__-2024-07-18-121756.png;;
"Fio esmaltado conector médio para 12v24v";PRO0405;1;;"Fam Art";"Matéria Prima";;LED;;;;;;"18-07-2024 12:21:52";marcop;"18-07-2024 12:21:52";marcop;0;;;8;3.93;;0;Each;1.00;2.000;0;marcop;0;Captura-de-ecr__-2024-07-18-122133.png;;
"Lembrança Comunhão Cálice e Bíblia c/foto";PRO0406;1;;"Fam Art";"Cerimonias Religiosas";;"1* Comunhão";;;;;;"23-07-2024 11:16:47";marcop;"23-07-2024 14:45:49";marcop;0;;;2.5;;;0;Each;1.00;999984.000;0;josep;0;;"Com íman ";
"Nuvem 1810 Pingo de Cera";PRO0407;1;;"Fam Art";"Eventos Diversos";;Recém-nascidos;;;;;;"30-07-2024 15:56:38";marcop;"30-07-2024 15:56:46";marcop;0;;;2;;;0;Each;1.00;999984.000;0;marcop;0;Captura-de-ecr__-2024-07-30-155612.png;;
"Círculos 3030 Pingo de Cera";PRO0408;1;;"Fam Art";Outros;;Diversos;;;;;;"08-08-2024 19:53:35";marcop;"08-08-2024 19:54:37";marcop;300;300;;6.5;;;0;Each;1.00;999997.000;0;marcop;0;;;
"Nuvem 2314 Pingo de Cera";PRO0409;1;;"Fam Art";"Eventos Diversos";;Recém-nascidos;;;;;;"08-08-2024 19:56:34";marcop;"11-09-2024 17:47:08";marcop;0;;;2.5;;;0;Each;1.00;999982.000;0;marcop;0;;;
"Troféu Acrílico";PRO0410;1;;"Fam Art";"Eventos Diversos";;Lembranças;;;;;;"15-08-2024 15:30:05";marcop;"15-08-2024 15:30:18";marcop;0;;;15;;;0;Each;1.00;999975.000;0;marcop;0;IMG_20240815_113200.jpg;;
"Candeeiro Nome LED";PRO0411;1;;"Fam Art";Outros;;Decoração;;;;;;"22-08-2024 11:38:12";marcop;"06-02-2026 17:59:56";marcop;0;;;35;;;0;Each;1.00;999962.000;0;marcop;0;Captura-de-ecr__-2024-08-22-113749.png;;
"Convite Padrinho Caixa Grande com Puzzle";PRO0412;1;;"Fam Art";Batizados;;"Convites Padrinhos";;;;;;"28-08-2024 20:50:53";josep;"28-08-2024 21:01:50";josep;150;150;;25;;;0;Each;1.00;999996.000;0;marcop;0;;;
"Cola instantânea 50grs";PRO0413;1;;"Fam Art";Consumiveis;Vendors::::Luzacril;Cola;;;;;;"29-08-2024 14:46:26";marcop;"29-08-2024 14:46:26";marcop;0;;;21.03;;;0;Each;1.00;1000000.000;0;marcop;0;Captura-de-ecr__-2024-08-29-144519.png;;
"MaCryl FS Mirror Pink 2111 Acrylic Sheet";PRO0414;1;;"Fam Art";"Matéria Prima";Vendors::::Dimatur;Acrilico;;;;AE21112440122003;;"29-08-2024 14:51:42";marcop;"29-08-2024 14:51:42";marcop;2440;1220;3;209.36;;;0;Each;1.00;1.000;0;marcop;0;Captura-de-ecr__-2024-08-29-145039.png;;
"Candeeiro Letra LED";PRO0415;1;;"Fam Art";Outros;;Decoração;;;;;;"30-08-2024 17:17:43";marcop;"05-09-2024 23:06:39";josep;0;;;15;;;0;Each;1.00;999999.000;0;marcop;0;Captura-de-ecr__-2024-08-30-171705.png;;
"MDF Cerejeira 3MM";PRO0416;1;;"Fam Art";"Matéria Prima";;Madeira;;;;;;"30-08-2024 17:26:30";marcop;"30-08-2024 17:26:30";marcop;0;;;26.25;15.99;;0;Each;1.00;0.000;0;marcop;0;;;
"Expositor Colares Mocho";PRO0417;1;;"Fam Art";Outros;;Diversos;;;;;;"03-09-2024 11:51:56";marcop;"04-04-2025 15:15:09";marcop;0;;;4;;;0;Each;1.00;999863.000;0;marcop;0;;;
"Expositor Pulseiras Mocho";PRO0418;1;;"Fam Art";Outros;;Diversos;;;;;;"03-09-2024 11:52:29";marcop;"27-11-2024 09:45:14";marcop;0;;;3.5;;;0;Each;1.00;999857.000;0;marcop;0;;;
"Puzzle 4 Peças";PRO0419;1;;"Fam Art";Outros;;Diversos;;;;;;"05-09-2024 14:45:40";marcop;"05-09-2024 14:45:55";marcop;80;80;;0.58;;;0;Each;1.00;999900.000;0;marcop;0;;;
"Convite Padrinhos - Principezinho";PRO0420;1;;"Fam Art";Batizados;;"Convites Padrinhos";;;;;;"06-09-2024 16:08:02";marcop;"06-09-2024 16:08:17";marcop;120;120;;9;;;0;Each;1.00;999983.000;0;marcop;0;;;
"Fita LED Strip Light para quarto, S";PRO0421;1;;"Fam Art";"Matéria Prima";;LED;;;;;;"07-09-2024 16:11:00";marcop;"07-09-2024 16:11:22";marcop;0;;;12;5.69;;0;Each;1.00;1.000;0;marcop;0;;;
"Set Vinhos Baco";PRO0422;1;;"Fam Art";Outros;"Vendors::::Mais Brindes";Diversos;;;;PP7074;;"09-09-2024 20:37:47";marcop;"18-03-2026 19:39:58";marcop;0;;;28;12;;0;Each;1.00;1.000;0;marcop;0;Captura-de-ecr__-2024-09-09-203725.png;;
"Porta-Chaves Abre-Cápsulas Stiked";PRO0423;1;;"Fam Art";Outros;"Vendors::::Mais Brindes";"Porta Chaves";;;;PP7074;;"09-09-2024 20:39:35";marcop;"14-04-2026 20:32:31";marcop;0;;;1.2;0.2;;0;Each;1.00;453.000;0;marcop;0;Captura-de-ecr__-2024-09-09-203812.png;;
"MaCryl FS Mirror Light Blue 2103 Acrylic Sheet";PRO0424;1;;"Fam Art";"Matéria Prima";Vendors::::Dimatur;Acrilico;;;;AE21032440122003;;"09-09-2024 20:46:01";marcop;"09-09-2024 20:46:53";marcop;2440;1220;3;206.87;;;0;Each;1.00;1.000;0;marcop;0;Captura-de-ecr__-2024-09-09-204425.png;;
"Coração para dividir";PRO0425;1;;Imortalis;Joias;;Colares;;;;;;"14-09-2024 17:47:50";josep;"18-12-2025 18:22:28";josep;0;;;5.9;;;0;Each;1.00;1000000.000;0;josep;0;;;
"Leão Porta Quarto";PRO0426;1;;"Fam Art";Outros;;Diversos;;;;;;"17-09-2024 20:36:19";josep;"17-09-2024 20:39:41";josep;0;;;20;;;0;Each;1.00;999999.000;0;josep;0;Leao.jpg;;
Lanyards;PRO0427;1;;"Fam Art";Outros;;Diversos;;;;;;"18-09-2024 18:40:08";marcop;"18-09-2024 18:40:58";marcop;0;;;1.1;;;0;Each;1.00;999988.000;0;marcop;0;459147068_925596579378985_2116622543846585867_n.jpg;;
"Bola de Natal Casa";PRO0428;1;;"Fam Art";"Eventos Diversos";;Natal;;;;;;"27-09-2024 12:52:05";marcop;"11-12-2025 19:49:08";josep;0;;;3.5;;;0;Each;1.00;999978.000;0;admin;0;Primeiro-natal-casa.png;;
"Bola de Natal ""Bate mais um Coração""";PRO0429;1;;"Fam Art";"Eventos Diversos";;Natal;;;;;;"27-09-2024 13:01:33";marcop;"05-12-2025 18:39:02";marcop;0;;;3;;;0;Each;1.00;999977.000;0;admin;0;Espera-novo-membro.png;;
"Bola de Natal ""Presente mais Precioso""";PRO0430;1;;"Fam Art";"Eventos Diversos";;Natal;;;;;;"27-09-2024 13:06:08";marcop;"11-12-2025 19:48:25";josep;0;;;3;;;0;Each;1.00;999981.000;0;admin;0;Natal-a-3.png;;
"Bola Natal M5 Pata";PRO0431;1;;"Fam Art";"Eventos Diversos";;Natal;;;;;;"27-09-2024 18:45:13";marcop;"04-12-2025 18:37:23";josep;0;;;3.5;;;0;Each;1.00;999981.000;0;admin;0;m5-animais.png;;
"Bola Natal M2 Animais";PRO0432;1;;"Fam Art";"Eventos Diversos";;Natal;;;;;;"27-09-2024 18:56:40";marcop;"25-11-2025 10:59:07";marcop;0;;;3.5;;;0;Each;1.00;999975.000;0;admin;0;M3-Animais.png;;
"Bola Natal M3 Animais";PRO0433;1;;"Fam Art";"Eventos Diversos";;Natal;;;;;;"27-09-2024 19:16:15";marcop;"03-11-2025 17:00:39";marcop;0;;;3.5;;;0;Each;1.00;999976.000;0;admin;0;M4-Animais-1.png,M4-Animais.png;;
"Caneta Verde Claro";PRO0434;1;;"Fam Art";"Para Profissionais";;Canetas;;;;5418;;"01-10-2024 12:01:15";marcop;"13-11-2025 17:50:51";marcop;0;;;0.7;;;0;Each;1.00;504.000;0;admin;0;Captura-de-ecr__-2024-09-30-115120.png;;"Descubra a Esferográfica Trocum, a caneta perfeita para quem valoriza elegância e funcionalidade no dia a dia. Com seu design bicolor e acabamento em alumínio, oferece conforto e estilo ao escrever.

Material: Alumínio
Mecanismo: Pulsador
Design: Elegante de duas cores
Versões de cor: Variedade
Clipe: Original
Detalhes: Anéis e ponta prateados
Cartucho: Jumbo
Tinta: Azul
Carga: Jumbo
A Esferográfica Trocum é uma excelente escolha para quem procura uma caneta de alta qualidade e durabilidade. Feita em alumínio resistente, é ideal tanto para uso pessoal quanto profissional. Sua tinta azul assegura uma escrita fluída e contínua, enquanto o mecanismo pulsador garante praticidade. O design sofisticado com clipe original e detalhes prateados realça sua beleza, fazendo da Esferográfica Trocum um objeto de destaque na categoria de escrita. Perfeita para o ambiente corporativo, escolar ou para o seu dia a dia, ela certamente adicionará um toque de classe as suas anotações. Escolha a cor que mais combina com seu estilo e deixe que a Esferográfica Trocum seja sua companheira de confiança para registrar momentos importantes"
"Bola natal Família Pingo de Cera";PRO0435;1;;"Fam Art";"Eventos Diversos";;Placas;;;;;;"01-10-2024 22:43:03";marcop;"06-12-2025 16:10:32";marcop;0;;;1.6;;;0;Each;1.00;999990.000;0;marcop;0;;;
"Anjo Pingo de Cera";PRO0436;1;;"Fam Art";"Eventos Diversos";;Placas;;;;;;"01-10-2024 22:43:59";marcop;"09-12-2024 17:35:12";marcop;0;;;1.6;;;0;Each;1.00;999984.000;0;marcop;0;;;
"Estrela Pingo de Cera";PRO0437;1;;"Fam Art";"Eventos Diversos";;Placas;;;;;;"01-10-2024 22:44:10";marcop;"06-12-2025 16:09:46";marcop;85;;;1.5;;;0;Each;1.00;999971.000;0;marcop;0;;;
"Mealheiro MDF e Acrilico c/ foto";PRO0438;1;;"Fam Art";Outros;;Decoração;;;;;;"02-10-2024 10:12:34";marcop;"11-12-2024 11:06:51";marcop;0;;;25;;;0;Each;1.00;'-5.000;0;marcop;0;Imagem-WhatsApp-2024-10-01-__s-22.28.30_89bafc2b.jpg;;
"Porta Medalhas Futebol";PRO0439;1;;"Fam Art";Outros;;Decoração;;;;;;"04-10-2024 10:49:05";marcop;"09-07-2025 18:55:04";marcop;0;;;30;;;0;Each;1.00;999997.000;0;marcop;0;Captura-de-ecr__-2024-11-02-141439.png;;
"Convite Padrinhos - Pe simples";PRO0440;1;;"Fam Art";Batizados;;"Convites Padrinhos";;;;;;"07-10-2024 19:36:44";marcop;"07-10-2024 19:39:45";marcop;90;70;;7;;;0;Each;1.00;999981.000;0;marcop;0;459131300_841274401444329_6339048011473774848_n.jpg;;
"Caixa para convites padrinhos";PRO0441;1;;"Fam Art";Batizados;;"Convites Padrinhos";;;;;;"07-10-2024 19:37:14";marcop;"11-04-2025 10:11:28";marcop;90;70;;3;;;0;Each;1.00;999978.000;0;marcop;0;462211295_1590153348550221_4838774316246002617_n.jpg;;
"Choupo 6mm";PRO0442;1;;"Fam Art";"Matéria Prima";;Madeira;;;;;;"08-10-2024 13:57:13";marcop;"08-10-2024 13:57:13";marcop;2520;1850;6;;;;0;Each;1.00;1000000.000;0;josep;0;;;
"Porta Chaves FNA Braga";PRO0443;1;;"Fam Art";Outros;;"Porta Chaves";;;;;;"11-10-2024 17:00:53";marcop;"06-02-2026 18:21:03";marcop;0;;;0.35;;;0;Each;1.00;999421.000;0;josep;0;;;
"EPSON ET-2860";PRO0444;1;;"Fam Art";Outros;"Vendors::::Radio Popular";Diversos;;;;;;"14-10-2024 15:35:22";marcop;"05-12-2024 23:05:22";marcop;0;;;179.99;;;0;Each;1.00;1000000.000;0;marcop;0;;;
"MaCryl FS Mirror Red";PRO0445;1;;"Fam Art";"Matéria Prima";;Acrilico;;;;AE21112440122003;;"15-10-2024 16:28:24";marcop;"23-10-2024 23:16:39";marcop;0;;;;;;0;Each;1.00;1.000;0;marcop;0;JBE04_l.jpg,Captura-de-ecr__-2024-10-15-162727.png;;
"Vela Aromática Lilnax";PRO0446;1;;"Fam Art";Outros;Vendors::::Makito;Decoração;;;;20104;;"15-10-2024 23:54:16";marcop;"23-11-2024 09:48:35";marcop;0;;;8.67;2.89;;0;Each;1.00;9.000;0;marcop;0;20104-000-11.jpg;"Vela de design natalício com aroma baunilha. Fabricada em vidro, com tampa de madeira polida e relevo desenhado em forma de floco de neve. Apresentada numa atrativa caixa individual kraft.
<p>Aroma Baunilha</p>

<p>Vidro/ Madeira</p>";
"Fonte de Água Huntan";PRO0447;1;;"Fam Art";Outros;Vendors::::Makito;Decoração;;;;20605;;"16-10-2024 00:00:46";marcop;"20-12-2024 17:13:19";marcop;0;;;21.93;6.81;;0;Each;1.00;2.000;0;marcop;0;20605-000-20.jpg;"Fonte portátil de água infinita com luzes LED. Cascata de água sobre pedras naturais, ideal para decoração ou momentos de relax. Inclui um depósito para a água e uma estrutura iluminada por LEDs de tons naturais, através da qual flui a água. Alimentada por 3 pilhas AA (não incluídas). Apresentada numa caixa de design kraft.
<p>1 Led. 20 Pedras Incluídas. 3 Pilhas AA Não Incluídas</p>";
"Porta-Retratos Vesper";PRO0448;1;;"Fam Art";Outros;Vendors::::Makito;Decoração;;;;20606;;"16-10-2024 00:08:25";marcop;"17-01-2025 16:05:10";marcop;0;;;25.9;7.31;;0;Each;1.00;7.000;0;marcop;0;20606-000-30.jpg;"Original porta-fotos cubo fabricado em madeira natural. O seu design em forma de cubo permite mostrar as 4 fotos mais destacadas do álbum e, além disso, conta com uma base giratória 360º. Ideal para fotos de até 13,5x9 cm. Apresentado numa caixa individual de design kraft.
<p>Fotos: 13,5 x 9 cm</p>";
"Tábua Afiadora Zoria";PRO0449;1;;"Fam Art";Outros;Vendors::::Makito;Decoração;;;;20591;;"16-10-2024 00:14:47";marcop;"30-12-2025 15:38:57";marcop;0;;;16;3.04;;0;Each;1.00;7.000;0;marcop;0;20591-000-12.jpg;"Tábua afiadora fabricada em bambu de macio e resistente acabamento. Com prático afiador de faca no rebordo para obter um corte sempre preciso e pega para um manuseamento fácil. Apresentada individualmente em caixa de design kraft.<br />
<br />
Materiais como o bambu promovem a utilização de matérias-primas naturais, reduzindo as emissões poluentes. Provém de uma planta de grande resistência e versatilidade, com rápido crescimento e regeneração, sendo uma excelente alternativa ao uso da madeira tradicional.
<p>Bambu</p>";
"Esferográfica Jotter Recycled";PRO0450;1;;"Fam Art";Outros;Vendors::::Makito;Canetas;;;;7394;;"16-10-2024 00:20:48";marcop;"16-10-2024 22:16:46";marcop;0;;;20;5.41;;0;Each;1.00;3.000;0;marcop;0;7394-000-11.jpg;"Esferográfica Parker Jotter reciclada, com acabamento retro e fabricada numa combinação de aço inox e RABS resistente (ABS reciclado). Com mecanismo pulsador, carga interior Parker clássica e tinta preta. Com um estilo simples e linhas clean, um clássico da Parker. Apresentada num estojo preto individual com o logótipo Parker e disponível numa vasta gama de cores elegantes. Jotter Recycled é uma coleção retro inspirada no espírito dos anos 90 e que respeita o meio ambiente. A linha de esferográficas Parker combina a silhueta inconfundível e o clip exclusivo do Jotter com uma paleta de cores que presta homenagem a esta década icônica. Um novo membro da família Jotter, perfeito para usar a qualquer momento. Parker Jotter Recycled garante uma escrita fluida a cada traço da esferográfica.<br />
<br />
O RABS é um plástico altamente reciclável de grande resistência e com uma infinidade de aplicações que o convertem nuna solução eco-friendly. Com certificação RCS, que garante a origem reciclada do mesmo e distinto logo RABS gravado.<br />
<br />
O aço é um dos materiais mais solicitados e que pode encontrar-se em quase todas as partes, desde produtos de uso diário a grandes construções. Com inúmeras propriedades, entre as quais há que destacar a durabilidade e o seu alto grau de reutilização, convertendo-o numa alternativa muito valorizada em soluções de sustentabilidade. Devidamente tratado, permite obter novos recursos de infinita utilização.
<p>Carga Jumbo. Escrita Preta</p>

<p>Aço Inox Reciclado/ ABS Reciclado</p>";
"Colher Selma";PRO0451;1;;"Fam Art";Outros;Vendors::::Makito;Decoração;;;;5181;;"16-10-2024 00:26:53";marcop;"16-10-2024 00:27:43";marcop;0;;;1.71;0.54;;0;Each;1.00;5.000;0;marcop;0;5181-000-40.jpg;Bambu;
"Abre-Cápsulas Betriok";PRO0452;1;;"Fam Art";Outros;Vendors::::Makito;Diversos;;;;1493;;"16-10-2024 00:32:05";marcop;"16-12-2025 10:56:49";marcop;0;;;3.9;0.54;;0;Each;1.00;'-85.000;0;marcop;0;1493-000-11.jpg;"Original abre-cápsulas magnético da linha nature, feito de bambu resistente, com sistema de abertura metálico.
<p>Magnético</p>

<p>Bambu</p>";
"Garrafa Térmica Gristel";PRO0453;1;;"Fam Art";Outros;Vendors::::Makito;Diversos;;;;1045;;"16-10-2024 00:50:32";marcop;"06-02-2026 18:03:28";marcop;0;;;14;4.01;;0;Each;1.00;22.000;0;marcop;0;1045-000-10.jpg;"Garrafa térmica de aço inox, com dupla parede e isolamento de cobre a vácuo, que permite manter o calor e o frio durante um tempo mais prolongado,chegando até às 12 e 48 horas respetivamente. De 800ml de capacidade, com tampa de segurança livre de BPA e disponível numa variada gama de cores metalizadas. Apresentada em atrativa caixa de design.
<p>800 ml. Isolamento de Cobre a Vácuo</p>

<p>Aço Inox</p>";
"Garrafa Smaly";PRO0454;1;;"Fam Art";Outros;Vendors::::Makito;Diversos;;;;6280;;"16-10-2024 21:59:56";marcop;"17-01-2026 11:53:52";marcop;0;;;12.9;3.2;;0;Each;1.00;4.000;0;marcop;0;6280-000-10.jpg;"Garrafa de alta qualidade e de grande capacidade -800 ml- em aço inox. Sistema de fácil abertura livre de BPA e asa de transporte a condizer. Disponível numa variada gama de cores brilhantes e apresentada numa atrativa caixa de design.<br />
<br />
Manual de instruções disponível em espanhol e inglês.
<p>800 ml</p>

<p>Aço Inox</p>";
"Tábua Lonsen";PRO0455;1;;"Fam Art";Outros;Vendors::::Makito;Decoração;;;;1339;;"16-10-2024 22:11:08";marcop;"30-12-2025 11:25:59";marcop;0;;;20;4.46;;0;Each;1.00;5.000;0;marcop;0;1339-000-10.jpg;"<p>Tábua de corte e apresentação Limited Edition. Um novo estilo que combina o moderno e o tradicional. Fabricada a partir de materiais naturais como o bambu e o extrato de mármore. De suave e resistente acabamento polido e pega para fácil manuseamento.<br />
<br />
Da combinação perfeita entre exclusividade e design, nasce Limited Edition Experience, uma coleção especial de ideias promocionais de edição limitada. Um novo conceito, inspirado na fusão de artigos premium com as últimas e mais inovadoras tendências e que conta com uma seleção limitada de unidades, transformando assim um brinde numa experiência única e inesquecível.<br />
<br />
Exclusivo estojo de apresentação Limited Edition com design protegido por direitos de propriedade industrial.<br />
<br />
Incluindo cartão com descrição de Limited Edition em cartão reciclado.</p>

<p>Bambu/ Extratos de Mármore</p>";
"Caneca Térmica Loret";PRO0456;1;;"Fam Art";Bebidas;Vendors::::Makito;Canecas;;;;1771;;"16-10-2024 22:19:07";marcop;"10-01-2026 10:12:25";marcop;0;;;15.48;5.16;;0;Each;1.00;2.000;0;marcop;0;1771-006-P.jpg;"Caneca térmica fabricada em aço inox de dupla parede e 330ml de capacidade de cor fosca. Com doseador na tampa, livre de BPA, e base em cortiça natural. É ideal para ter na sua escrivaninha, mesa ou em qualquer superfície onde possa desfrutar tranquilamente da sua bebida favorita.
<p>330 ml</p>

<p>Aço Inox/ Cortiça</p>";
"Gravação Marca Chérie";PRO0457;1;;"Fam Art";Outros;;Diversos;;;;;;"18-10-2024 23:28:11";marcop;"18-10-2024 23:28:31";marcop;0;;;0.55;;;0;Each;1.00;999993.000;0;marcop;0;;;
"Bola de Natal Modelo 6";PRO0458;1;;"Fam Art";"Eventos Diversos";;Natal;;;;;;"21-10-2024 23:03:25";josep;"10-12-2025 20:41:56";marcop;0;;;3.75;3.75;;0;Each;1.00;999959.000;0;josep;0;imagem_2024-11-25_204404613.png;;
"Caneta Dourada";PRO0459;1;;"Fam Art";"Para Profissionais";Vendors::::Makito;Canetas;;;;5418;;"22-10-2024 18:04:27";marcop;"11-03-2026 11:49:18";marcop;0;;;0.7;;;0;Each;1.00;288.000;0;admin;0;5418-023-P-_1_.jpg;;"Descubra a Esferográfica Trocum, a caneta perfeita para quem valoriza elegância e funcionalidade no dia a dia. Com seu design bicolor e acabamento em alumínio, oferece conforto e estilo ao escrever.

Material: Alumínio
Mecanismo: Pulsador
Design: Elegante de duas cores
Versões de cor: Variedade
Clipe: Original
Detalhes: Anéis e ponta prateados
Cartucho: Jumbo
Tinta: Azul
Carga: Jumbo
A Esferográfica Trocum é uma excelente escolha para quem procura uma caneta de alta qualidade e durabilidade. Feita em alumínio resistente, é ideal tanto para uso pessoal quanto profissional. Sua tinta azul assegura uma escrita fluída e contínua, enquanto o mecanismo pulsador garante praticidade. O design sofisticado com clipe original e detalhes prateados realça sua beleza, fazendo da Esferográfica Trocum um objeto de destaque na categoria de escrita. Perfeita para o ambiente corporativo, escolar ou para o seu dia a dia, ela certamente adicionará um toque de classe as suas anotações. Escolha a cor que mais combina com seu estilo e deixe que a Esferográfica Trocum seja sua companheira de confiança para registrar momentos importantes"
"Castcryl Opal White 2mm";PRO0460;1;;"Fam Art";"Matéria Prima";Vendors::::Dimatur;Acrilico;;;;AV20062030152503;;"23-10-2024 23:12:30";marcop;"23-10-2024 23:12:30";marcop;3050;2050;2;;;;0;Each;1.00;999999.000;0;marcop;0;;;
"MaCryl FS Mirror Gold";PRO0461;1;;"Fam Art";"Matéria Prima";;Acrilico;;;;;;"23-10-2024 23:16:53";marcop;"23-10-2024 23:16:53";marcop;0;;;;;;0;Each;1.00;1.000;0;marcop;0;JBE04_l.jpg;;
"Árvore de Natal M1";PRO0462;1;;"Fam Art";"Eventos Diversos";;Natal;;;;;;"27-10-2024 20:47:05";marcop;"11-12-2024 15:16:46";marcop;0;;;20;;;0;Each;1.00;999998.000;0;marcop;0;IMG_20241126_104903_1.jpg;;
"Número Casa Modelo 2";PRO0463;1;;"Fam Art";Outros;;Decoração;;;;;;"29-10-2024 15:04:59";josep;"22-07-2025 23:07:47";josep;0;;;26.9;;;0;Each;1.00;999998.000;0;josep;0;imagem_2024-11-01_205841521.png;"Com dourado espelhado";
"Número Casa Modelo 1";PRO0464;1;;"Fam Art";Outros;;Decoração;;;;;;"29-10-2024 15:10:44";josep;"03-02-2025 22:03:34";marcop;0;;;19.9;;;0;Each;1.00;1000000.000;0;josep;0;imagem_2024-11-01_205751566.png;"Preto e Branco";
"Separador livro coração";PRO0465;1;;"Fam Art";"Eventos Diversos";;Lembranças;;;;;;"30-10-2024 22:29:15";marcop;"30-10-2024 22:34:38";marcop;0;;;5;;;0;Each;1.00;999999.000;0;marcop;0;IMG_20241030_222958_1.jpg,IMG_20241030_222959.jpg;;
"Número Casa Modelo 3";PRO0466;1;;"Fam Art";Outros;;Decoração;;;;;;"01-11-2024 18:51:02";josep;"01-11-2024 18:51:02";josep;0;;;15;;;0;Each;1.00;1000000.000;0;josep;0;imagem_2024-11-01_185056389.png;"Preto e Branco";
"Placa cuidado com o cão M1";PRO0467;1;;"Fam Art";Outros;;Decoração;;;;;;"01-11-2024 20:52:01";josep;"08-11-2024 22:56:39";marcop;0;;;12.5;;;0;Each;1.00;1000000.000;0;josep;0;imagem_2024-11-01_205155248.png;;
"Placa cuidado com o cão M2";PRO0468;1;;"Fam Art";Outros;;Decoração;;;;;;"01-11-2024 20:52:56";josep;"01-11-2024 20:52:56";josep;0;;;12.5;;;0;Each;1.00;1000000.000;0;josep;0;imagem_2024-11-01_205252255.png;;
"Placa cuidado com o cão M3";PRO0469;1;;"Fam Art";Outros;;Decoração;;;;;;"01-11-2024 20:53:45";josep;"01-11-2024 20:53:45";josep;0;;;12.5;;;0;Each;1.00;1000000.000;0;josep;0;imagem_2024-11-01_205342749.png;;
"Placa cuidado com o cão M4";PRO0470;1;;"Fam Art";Outros;;Decoração;;;;;;"01-11-2024 20:54:56";josep;"01-11-2024 20:54:56";josep;0;;;12.5;;;0;Each;1.00;1000000.000;0;josep;0;imagem_2024-11-01_205454223.png;;
"Placa para Chá Revelação";PRO0471;1;;"Fam Art";"Eventos Diversos";;Placas;;;;;;"01-11-2024 21:04:32";josep;"01-11-2024 21:04:32";josep;0;;;18.5;;;0;Each;1.00;1000000.000;0;josep;0;imagem_2024-11-01_210427086.png;;
"Lembrança Chá Revelação Ursinho";PRO0472;1;;"Fam Art";"Eventos Diversos";;Placas;;;;;;"01-11-2024 21:06:14";josep;"01-11-2024 21:06:14";josep;0;;;3;;;0;Each;1.00;1000000.000;0;josep;0;imagem_2024-11-01_210610512.png;;
"Quadro Pulseira Recem Nascido";PRO0473;1;;"Fam Art";"Eventos Diversos";;Recém-nascidos;;;;;;"01-11-2024 21:10:39";josep;"01-11-2024 21:10:39";josep;0;;;20;;;0;Each;1.00;1000000.000;0;josep;0;imagem_2024-11-01_211036584.png;;
"Leão para Porta";PRO0474;1;;"Fam Art";Outros;;Decoração;;;;;;"01-11-2024 21:12:41";josep;"01-11-2024 21:12:41";josep;0;;;17.5;;;0;Each;1.00;1000000.000;0;josep;0;imagem_2024-11-01_211155241.png;;
"Castcryl Patterns Black Gold";PRO0475;1;;"Fam Art";"Matéria Prima";Vendors::::Dimatur;Acrilico;AV98282440122003;;;;;"02-11-2024 15:52:45";marcop;"02-11-2024 15:52:45";marcop;2440;1220;3;;104.49;;0;Each;1.00;1000000.000;0;marcop;0;Captura-de-ecr__-2024-11-02-155227.png;;
"Ambientador Becrux";PRO0476;1;;"Fam Art";Outros;Vendors::::Makito;Decoração;6292;;;;;"02-11-2024 16:08:35";marcop;"02-11-2024 16:08:35";marcop;0;;;3;;;0;Each;1.00;1000005.000;0;marcop;0;6292-000-1.jpg;;
"Set Webermax";PRO0477;1;;"Fam Art";Outros;Vendors::::Makito;Decoração;21062;;;;;"02-11-2024 16:10:18";marcop;"02-11-2024 16:10:18";marcop;0;;;9;;;0;Each;1.00;1000001.000;0;marcop;0;21062-000-13.jpg;;
"Peluche Kuisy";PRO0478;1;;"Fam Art";Outros;Vendors::::Makito;Decoração;20134;;;;;"02-11-2024 16:11:32";marcop;"02-11-2024 16:11:32";marcop;0;;;8;;;0;Each;1.00;1000002.000;0;marcop;0;20134-000-10.jpg;;
"Chaveiro Interestelar Carta Lateral";PRO0479;1;;"Fam Art";Outros;;Decoração;;;;;;"08-11-2024 23:06:05";marcop;"03-02-2025 19:45:51";marcop;0;;;23.5;;;0;Each;1.00;999999.000;0;marcop;0;Imagem-WhatsApp-2024-11-08-__s-23.05.40_5f4fc36b.jpg;;
"Chaveiro Suporte Carta Superior";PRO0480;1;;"Fam Art";Outros;;Decoração;;;;;;"08-11-2024 23:08:25";marcop;"30-01-2026 19:56:55";marcop;0;;;14;;;0;Each;1.00;999999.000;0;marcop;0;Imagem-WhatsApp-2024-11-08-__s-23.05.43_81f5efd9.jpg;;
"Identificadores de Animais Grande Osso";PRO0481;1;;"Fam Art";"Especial Patudos";;"Chapinhas Identificação";;;;;;"08-11-2024 23:13:17";marcop;"08-11-2024 23:22:47";marcop;0;;;6.5;;;0;Each;1.00;1000000.000;0;admin;0;97_chapinhas.png;"Formatos disponiveis:
<ul>
	<li><b>Osso</b></li>
	<li><b>Coração</b></li>
</ul>
Diversas cores disponiveis";
"Identificadores de Animais Pequenos Coração";PRO0482;1;;"Fam Art";"Especial Patudos";;"Chapinhas Identificação";;;;;;"08-11-2024 23:18:23";marcop;"08-11-2024 23:25:53";marcop;0;;;4;;;0;Each;1.00;999985.000;0;admin;0;Imagem-WhatsApp-2024-11-08-__s-23.17.41_bc53cceb.jpg;"Formatos disponiveis:
<ul>
	<li><b>Osso</b></li>
	<li><b>Circulo</b></li>
	<li><b>Coração</b></li>
</ul>
Diversas cores disponiveis";
"Identificadores de Animais Grande Coração";PRO0483;1;;"Fam Art";"Especial Patudos";;"Chapinhas Identificação";;;;;;"08-11-2024 23:18:45";marcop;"14-02-2026 15:07:07";josep;0;;;5.5;;;0;Each;1.00;999999.000;0;admin;0;Imagem-WhatsApp-2024-11-08-__s-23.17.34_541927b2.jpg;"Formatos disponiveis:
<ul>
	<li><b>Osso</b></li>
	<li><b>Coração</b></li>
</ul>
Diversas cores disponiveis";
"Identificadores de Animais Circular";PRO0484;1;;"Fam Art";"Especial Patudos";;"Chapinhas Identificação";;;;;;"08-11-2024 23:19:27";marcop;"08-11-2024 23:19:27";marcop;0;;;4;;;0;Each;1.00;999985.000;0;admin;0;Imagem-WhatsApp-2024-11-08-__s-23.17.46_4a9aea7a.jpg;"Formatos disponiveis:
<ul>
	<li><b>Osso</b></li>
	<li><b>Circulo</b></li>
	<li><b>Coração</b></li>
</ul>
Diversas cores disponiveis";
"Relógio Interstellar";PRO0485;1;;"Fam Art";Outros;;Decoração;;;;;;"08-11-2024 23:42:31";marcop;"18-11-2024 20:29:27";marcop;400;400;;31.5;;;0;Each;1.00;1000000.000;0;marcop;0;Imagem-WhatsApp-2024-11-08-__s-23.40.44_dc8b9ac6.jpg;;
"Placa Personalizada Academia Sénior";PRO0486;1;;"Fam Art";Outros;;Decoração;;;;;;"11-11-2024 21:27:06";josep;"11-11-2024 22:17:55";josep;0;;;10;;;0;Each;1.00;999999.000;0;josep;0;imagem_2024-11-11_212704265.png;"Academina Sénior Pedome";
"Bola Natal Rita Sá";PRO0487;1;;"Fam Art";Revenda;;Conjuntos;;;;;;"12-11-2024 12:38:04";marcop;"12-11-2024 12:40:00";marcop;0;;;2.1;;;0;Each;1.00;999980.000;0;marcop;0;Captura-de-ecr__-2024-11-12-123543.png;"Choupo, e Natal em acrílico branco";
"Estrela Natal Rita Sá";PRO0488;1;;"Fam Art";Revenda;;Conjuntos;;;;;;"12-11-2024 12:38:39";marcop;"12-11-2024 12:39:55";marcop;0;;;1.65;;;0;Each;1.00;999980.000;0;marcop;0;Captura-de-ecr__-2024-11-12-123600.png;"MDF Branco";
"Estrela Arvore de Natal";PRO0489;1;;"Fam Art";"Eventos Diversos";;Natal;;;;;;"12-11-2024 16:20:35";marcop;"15-11-2024 18:02:57";marcop;0;;;20;;;0;Each;1.00;999998.000;0;marcop;0;;;
"Seguro Recheio";PRO0490;1;;"Fam Art";Outros;Vendors::::Tranquilidade;Diversos;;;;;;"13-11-2024 16:20:53";marcop;"13-11-2024 16:20:53";marcop;0;;;;;;0;Each;1.00;1000000.000;0;marcop;0;;;
Alarme;PRO0491;1;;"Fam Art";Outros;"Vendors::::Securitas Direct";Diversos;;;;;;"16-11-2024 10:30:16";josep;"16-11-2024 10:30:16";josep;0;;;;;;0;Each;1.00;1000003.000;0;josep;0;;;
"Moldura para foto";PRO0492;1;;"Fam Art";Outros;;Decoração;;;;;;"16-11-2024 11:28:33";josep;"09-08-2025 12:33:46";marcop;0;;;11.75;;;0;Each;1.00;999994.000;0;josep;0;;;
"Quadro Avos 2020 Pingo de Cera";PRO0493;1;;"Fam Art";Outros;;Diversos;;;;;;"17-11-2024 17:37:33";marcop;"20-11-2024 16:30:43";marcop;0;;;4.5;;;0;Each;1.00;999991.000;0;marcop;0;thumbnail_Outlook-01r0ggeb.png;;
"Nome com Moldura";PRO0494;1;;"Fam Art";Outros;;Decoração;;;;;;"18-11-2024 12:46:42";marcop;"18-11-2024 12:46:53";marcop;0;;;35;;;0;Each;1.00;999999.000;0;marcop;0;462548085_3209294402540110_9219243884814999353_n.jpg;;
"Pendente Dourado Ø20";PRO0495;1;;Imortalis;Joias;;Pendentes;;;;;;"18-11-2024 18:50:48";marcop;"16-04-2025 10:53:17";marcop;0;;;1.45;;;0;Each;1.00;'-32.000;0;marcop;0;Capturar.PNG;;
"Coroa Noivos MDF Branco Ø20";PRO0496;1;;"Fam Art";Casamentos;;Placas;;;;;;"19-11-2024 12:18:22";marcop;"19-11-2024 12:24:42";marcop;20;20;;31;;;0;Each;1.00;100.000;0;marcop;0;_INS7731.jpg;;
"Coroa Noivos Acrílico Branco Ø20";PRO0497;1;;"Fam Art";Casamentos;;Placas;;;;;;"19-11-2024 12:19:24";marcop;"19-11-2024 12:20:38";marcop;20;20;;40;;;0;Each;1.00;100.000;0;marcop;0;_INS7731.jpg;;
"Bola de Natal ""O céu parece diferente""";PRO0498;1;;"Fam Art";"Eventos Diversos";;Natal;;;;;;"21-11-2024 15:59:02";marcop;"04-12-2024 18:47:51";josep;0;;;4.5;;;0;Each;1.00;999895.000;0;admin;0;Screenshot_20241121_155722.jpg;;
"Bola Foto Pingo de Cera";PRO0499;1;;"Fam Art";"Eventos Diversos";;Placas;;;;;;"22-11-2024 18:11:02";marcop;"22-11-2024 18:11:14";marcop;0;;;1.5;;;0;Each;1.00;999989.000;0;marcop;0;;;
"Bola de Natal Modelo 7";PRO0500;1;;"Fam Art";"Eventos Diversos";;Natal;;;;;;"23-11-2024 09:56:06";marcop;"03-12-2025 18:46:09";marcop;0;;;3.5;;;0;Each;1.00;999990.000;0;josep;0;M7.png;;
"Arvore para Parede";PRO0501;1;;"Fam Art";Outros;Vendors::::Aliexpress;Decoração;;;;;;"25-11-2024 20:29:52";josep;"25-11-2024 20:32:00";josep;0;;;;;;0;Each;1.00;1000002.000;0;josep;0;imagem_2024-11-25_202941674.png;;
"Bola Natal c/Foto";PRO0502;1;;"Fam Art";"Eventos Diversos";;Natal;;;;;;"26-11-2024 10:45:30";marcop;"21-12-2024 09:52:17";josep;0;;;4.5;;;0;Each;1.00;999987.000;0;marcop;0;;;
"Coração Mãe";PRO0503;1;;"Fam Art";"Eventos Diversos";;"Dia da Mãe";;;;;;"28-11-2024 18:12:41";marcop;"18-12-2024 12:20:35";marcop;0;;;12;;;0;Each;1.00;999997.000;0;josep;0;IMG_20241128_172023.jpg;;
"Calendário do Advento";PRO0504;1;;"Fam Art";"Eventos Diversos";;Natal;;;;;;"02-12-2024 11:28:10";marcop;"02-12-2024 11:28:23";marcop;0;;;50;;;0;Each;1.00;999999.000;0;marcop;0;;;
"Tapete Natural 33x55cm";PRO0505;1;;"Fam Art";Outros;;Decoração;;;;;;"04-12-2024 18:09:25";josep;"15-12-2025 20:11:41";marcop;0;;;19.9;3.99;;0;Each;1.00;'-5.000;0;josep;0;Tapete-personalizado-familia.jpg;;
"Lembrança Pé Batizado";PRO0506;1;;"Fam Art";Batizados;;Lembranças;;;;;;"05-12-2024 16:13:10";marcop;"05-12-2024 16:13:32";marcop;0;;;1.45;;;0;Each;1.00;999988.000;0;marcop;0;;;
"Chávena Kirpal";PRO0507;1;;"Fam Art";Bebidas;;Canecas;;;;;;"05-12-2024 22:06:45";marcop;"18-04-2025 17:59:07";marcop;0;;;7.2;2.07;;0;Each;1.00;7.000;0;marcop;0;6861-000-10.jpg;;
"Pack 10 Máquina Relógio Rosca 9mm";PRO0508;1;;"Fam Art";Consumiveis;;Diversos;;;;;;"05-12-2024 22:17:27";marcop;"05-12-2024 22:18:25";marcop;0;;;10.15;;;0;Each;1.00;0.000;0;marcop;0;5168sh16_t.jpg;;
"Pack 10 Ponteiros Relógio 41/55/56mm";PRO0509;1;;"Fam Art";Consumiveis;;Diversos;;;;;;"05-12-2024 22:18:04";marcop;"05-12-2024 22:18:14";marcop;0;;;3.38;;;0;Each;1.00;0.000;0;marcop;0;sl009_t.jpg;;
"Caneca Mágica Sublimação Vermelho Gloss Coração 300ml";PRO0510;1;;"Fam Art";Bebidas;;Canecas;;;;;;"05-12-2024 23:00:07";marcop;"17-04-2025 18:27:18";marcop;0;;;13.5;4.23;;0;Each;1.00;1.000;0;marcop;0;SKB05X6_t.jpg;;
"Caneca 350ml Bornel";PRO0511;1;;"Fam Art";Bebidas;;Canecas;;;;;;"05-12-2024 23:01:07";marcop;"30-04-2026 20:07:38";josep;0;;;9.5;0.91;;0;Each;1.00;73.000;0;marcop;0;3893-000-30.jpg,3893-000-P.jpg;;
"Caneca de Cerveja 450 ml";PRO0512;1;;"Fam Art";Bebidas;;Canecas;;;;;;"05-12-2024 23:01:41";marcop;"05-12-2024 23:01:41";marcop;0;;;16;5.88;;0;Each;1.00;3.000;0;marcop;0;SGM16G_t.jpg;;
"Caneca Mágica BARDOT Preto 350ml";PRO0513;1;;"Fam Art";Bebidas;;Canecas;;;;;;"05-12-2024 23:02:17";marcop;"10-12-2025 20:20:36";marcop;0;;;12.9;1.97;;0;Each;1.00;5.000;0;marcop;0;5837-002-P.jpg;;
"Tapete de Rato 3mm";PRO0514;1;;"Fam Art";Outros;;Decoração;;;;;;"05-12-2024 23:03:39";marcop;"05-12-2024 23:03:39";marcop;0;;;12;2.56;;0;Each;1.00;5.000;0;marcop;0;TR004_t.jpg;;
"Íman Retangular de Acrílico Super Premium HD 7,5x5,5 cm";PRO0515;1;;"Fam Art";Outros;;Iman;;;;;;"05-12-2024 23:04:35";marcop;"11-04-2025 18:38:36";marcop;0;;;5;0.83;;0;Each;1.00;'-6.000;0;marcop;0;ACRISUB001_t.jpg;;
"EPSON ET-1810 Sublimação";PRO0516;1;;"Fam Art";Outros;"Vendors::::333 Colors";Diversos;;;;;;"05-12-2024 23:06:40";marcop;"05-12-2024 23:06:40";marcop;0;;;220.17;;;0;Each;1.00;1000001.000;0;marcop;0;ET-1810_t.jpg;;
"Prensa térmica";PRO0517;1;;"Fam Art";Outros;;Diversos;;;;;;"05-12-2024 23:19:42";marcop;"05-12-2024 23:19:49";marcop;0;;;185.64;;;0;Each;1.00;1000001.000;0;marcop;0;asdassaadsasdsad.PNG;;
Renda;PRO0518;1;;"Fam Art";Consumiveis;;Diversos;;;;;;"05-12-2024 23:23:01";marcop;"08-11-2025 10:07:25";marcop;0;;;300;;;0;Each;1.00;1000003.000;0;marcop;0;;;
"Segurança Social";PRO0519;1;;"Fam Art";Consumiveis;;Diversos;;;;;;"05-12-2024 23:23:21";marcop;"05-12-2024 23:23:21";marcop;0;;;20;;;0;Each;1.00;1000003.000;0;marcop;0;;;
"Árvore de Natal M2";PRO0520;1;;"Fam Art";"Eventos Diversos";;Natal;;;;;;"11-12-2024 15:15:06";marcop;"11-12-2024 15:18:00";marcop;0;;;30;;;0;Each;1.00;999997.000;0;marcop;0;IMG_20241211_151238.jpg;;
"Bola de Natal Modelo 8";PRO0521;1;;"Fam Art";"Eventos Diversos";;Natal;;;;;;"16-12-2024 22:49:55";josep;"11-12-2025 19:39:59";josep;0;;;3.75;;;0;Each;1.00;999982.000;0;josep;0;M8.png;;
"Pulseira Homem M3 Chapa Gravada";PRO0522;1;;Imortalis;Joias;;Pulseiras;;;;;;"21-12-2024 10:01:25";josep;"21-12-2024 10:05:21";marcop;0;;;10.5;3;;0;Each;1.00;5.000;0;admin;0;IMG_20241220_175043.jpg;;
"Coração Puzzle";PRO0523;1;;"Fam Art";Outros;;Decoração;;;;;;"23-12-2024 12:01:31";marcop;"27-12-2024 19:03:45";marcop;0;;;25;;;0;Each;1.00;999996.000;0;marcop;0;IMG_20241221_144002.jpg;;
"Cerca Família 3D";PRO0524;1;;"Fam Art";Outros;;Decoração;;;;;;"23-12-2024 12:05:21";marcop;"27-12-2024 19:02:01";marcop;0;;;25;;;0;Each;1.00;999995.000;0;marcop;0;IMG_20241223_101655.jpg;;
"Porta Chaves Madeira";PRO0525;1;;"Fam Art";Outros;;"Porta Chaves";;;;;;"23-12-2024 12:06:38";marcop;"10-12-2025 20:46:38";marcop;0;;;3;;;0;Each;1.00;999609.000;0;marcop;0;IMG_20241223_101959.jpg;;
"Caneca Nala";PRO0526;1;;"Fam Art";Bebidas;Vendors::::Makito;Canecas;20522;;;;;"26-12-2024 15:32:06";marcop;"23-04-2025 21:39:21";josep;0;;;12.9;1.79;;0;Each;1.00;1000005.000;0;marcop;0;20522-000-20.jpg,20522-000-21.jpg;;
"SACO SILTEX";PRO0527;1;;"Fam Art";Outros;Vendors::::Makito;Diversos;6048;;;;;"26-12-2024 15:44:57";marcop;"24-04-2025 17:34:27";marcop;0;;;2.5;0.48;;0;Each;1.00;0.000;0;marcop;0;6048-000-30.jpg,6048-000-20_ml.jpg;"Saco em resistente material 100% algodão de 140g/m2 com acabamento em cor natural. Com asas compridas de 70cm e acabamento cosido. Resistência até 7kg de peso.
<p>Algodão 140 g/ m2</p>";
"Agua / saneamento / Resíduos Sólidos";PRO0528;1;;"Fam Art";Outros;;Diversos;;;;;;"26-12-2024 15:52:25";marcop;"26-12-2024 15:52:25";marcop;0;;;;;;0;Each;1.00;1000002.000;0;marcop;0;;;
"Luz Eletrica";PRO0529;1;;"Fam Art";Outros;;Diversos;;;;;;"26-12-2024 15:56:40";marcop;"26-12-2024 15:56:40";marcop;0;;;;;;0;Each;1.00;1000005.000;0;marcop;0;;;
"Copo Térmico Fresno";PRO0530;1;;"Fam Art";Bebidas;Vendors::::Makito;Copos;5100;;;;;"28-12-2024 11:28:32";marcop;"12-12-2025 15:19:48";marcop;0;;;7.15;;;0;Each;1.00;5.000;0;marcop;0;5100-002-P.jpg;;
"Caixa Porta Alianças";PRO0531;1;;"Fam Art";Casamentos;;"Porta Alianças";;;;;;"30-12-2024 20:50:46";marcop;"28-06-2025 11:40:03";josep;0;;;22;;;0;Each;1.00;999996.000;0;marcop;0;;;
"Milestones Balão";PRO0532;1;;"Fam Art";"Eventos Diversos";;Recém-nascidos;;;;;;"03-01-2025 20:52:13";marcop;"03-01-2025 20:52:28";marcop;0;;;25;;;0;Each;1.00;'-1.000;0;admin;0;;;"Vários modelos e cores disponiveis"
"Pendente Retangular 2010 Prata";PRO0533;1;;Imortalis;Joias;Vendors::::MaxiBiju;Pendentes;;;;;;"04-01-2025 10:45:17";marcop;"04-01-2025 17:25:28";marcop;0;;;6.9;0.35;;0;Each;1.00;10.000;0;josep;0;IMG_20250104_121121.jpg,IMG_20250104_121121_1.jpg;;
"Pendente Circulo Ø25 Prata";PRO0534;1;;Imortalis;Joias;Vendors::::MaxiBiju;Pendentes;;;;;;"04-01-2025 10:57:39";marcop;"04-01-2025 12:26:18";marcop;0;;;5.9;0.25;;0;Each;1.00;10.000;0;josep;0;IMG_20250104_121407.jpg,IMG_20250104_121406.jpg;;
"Pendente Circulo Ø25 Dourado";PRO0535;1;;Imortalis;Joias;Vendors::::MaxiBiju;Pendentes;;;;;;"04-01-2025 10:58:12";marcop;"04-01-2025 12:25:30";marcop;0;;;5.9;0.25;;0;Each;1.00;10.000;0;josep;0;IMG_20250104_121420_1.jpg,IMG_20250104_121420.jpg;;
"Pendente Retangular 205 Dourado";PRO0536;1;;Imortalis;Joias;Vendors::::MaxiBiju;Pendentes;;;;;;"04-01-2025 11:08:33";marcop;"04-01-2025 17:24:40";marcop;0;;;5.9;0.5;;0;Each;1.00;9.000;0;josep;0;IMG_20250104_121226_1.jpg,IMG_20250104_121226.jpg;;
"Pendente Retangular 2010 Dourado";PRO0537;1;;Imortalis;Joias;Vendors::::MaxiBiju;Pendentes;;;;;;"04-01-2025 11:09:26";marcop;"04-01-2025 17:25:19";marcop;0;;;6.9;0.5;;0;Each;1.00;9.000;0;josep;0;IMG_20250104_121207.jpg;;
"Pendente barra 35 5 5 Prata";PRO0538;1;;"Fam Art";Joias;;Pendentes;;;;;;"04-01-2025 11:16:26";marcop;"04-01-2025 12:19:08";marcop;0;;;8.9;1;;0;Each;1.00;10.000;0;marcop;0;IMG_20250104_115035_1.jpg,IMG_20250104_115022_1.jpg;;
"Pendente barra 35 5 5 Dourado";PRO0539;1;;"Fam Art";Joias;;Pendentes;;;;;;"04-01-2025 11:16:48";marcop;"25-02-2026 10:20:37";marcop;0;;;8.9;1.25;;0;Each;1.00;8.000;0;marcop;0;IMG_20250104_115106_1.jpg,IMG_20250104_115103.jpg;;
"Pendente Coração Dourado c/feitio";PRO0540;1;;Imortalis;Joias;Vendors::::MaxiBiju;Pendentes;;;;;;"09-01-2025 11:13:16";marcop;"01-05-2025 09:52:56";josep;0;;;5.9;;;0;Each;1.00;4.000;0;josep;0;cora____o-dourado-c_feitio.jpg;;
"Tapete Natural 50x100 cm";PRO0541;1;;"Fam Art";"Matéria Prima";"Vendors::::Leroy Merlin";Diversos;;;;;;"16-01-2025 21:17:50";josep;"18-08-2025 17:18:41";marcop;0;;;37;8.99;;0;Each;1.00;999998.000;0;josep;0;;;
"Acrílico Sublimação 4mm";PRO0542;1;;"Fam Art";"Matéria Prima";"Vendors::::333 Colors";Acrilico;;;;;;"17-01-2025 12:10:02";marcop;"17-01-2025 12:10:02";marcop;0;;;;;;0;Each;1.00;1000000.000;0;marcop;0;;;
"Placa Alumínio Sublimação";PRO0543;1;;"Fam Art";"Matéria Prima";"Vendors::::333 Colors";Diversos;;;;;;"17-01-2025 12:10:31";marcop;"17-01-2025 12:10:31";marcop;0;;;;;;0;Each;1.00;1000000.000;0;marcop;0;;;
"Emblema Quadrado Sublimação";PRO0544;1;;"Fam Art";"Matéria Prima";"Vendors::::333 Colors";Diversos;;;;;;"17-01-2025 12:11:22";marcop;"28-07-2026 15:38:09";marcop;0;;;5;;;0;Each;1.00;999964.000;0;marcop;0;;;
"Folha Magnética 700x500x0,5mm com Adesivo 3M";PRO0545;1;;"Fam Art";"Matéria Prima";"Vendors::::333 Colors";Iman;;;;;;"17-01-2025 12:11:49";marcop;"17-01-2025 12:11:49";marcop;0;;;;;;0;Each;1.00;1000001.000;0;marcop;0;;;
"SET COZINHA ZAIDAX";PRO0546;1;;"Fam Art";Outros;Vendors::::Makito;Decoração;1698;;;;;"17-01-2025 15:54:40";marcop;"17-01-2025 15:54:40";marcop;0;;;19.9;;;0;Each;1.00;4.000;0;marcop;0;1698-000-22.jpg,1698-000-21.jpg,1698-000-P.jpg,1698-000-10.jpg;;
"COPO DE VINHO ARLENE";PRO0547;1;;"Fam Art";Bebidas;Vendors::::Makito;Copos;20210;;;;;"17-01-2025 15:56:15";marcop;"17-01-2025 15:56:15";marcop;0;;;14.9;;;0;Each;1.00;1.000;0;marcop;0;20210-000-21.jpg,20210-000-30.jpg,20210-000-10.jpg;;
"JOGO WOLEN";PRO0548;1;;"Fam Art";Jogos;Vendors::::Makito;"Quebra Cabeças";20405;;;;;"17-01-2025 15:57:58";marcop;"25-03-2025 16:36:16";marcop;0;;;11.9;;;0;Each;1.00;0.000;0;marcop;0;20405-000-22.jpg,20405-000-21.jpg,20405-000-P.jpg,20405-000-12.jpg;;
"SACO CENTION Pequeno";PRO0549;1;;"Fam Art";Consumiveis;Vendors::::Makito;Diversos;5483;;;;;"17-01-2025 16:00:46";marcop;"17-01-2025 16:00:46";marcop;0;;;0.4;;;0;Each;1.00;250.000;0;marcop;0;;;
"SACO LOILES Medio";PRO0550;1;;"Fam Art";Consumiveis;Vendors::::Makito;Diversos;5484;;;;;"17-01-2025 16:01:24";marcop;"17-01-2025 16:01:24";marcop;0;;;0.48;;;0;Each;1.00;200.000;0;marcop;0;;;
"PORTA-RETRATOS LIBAN";PRO0551;1;;"Fam Art";Consumiveis;Vendors::::Makito;Diversos;6956;;;;;"17-01-2025 16:02:20";marcop;"20-12-2025 11:58:01";josep;0;;;9.9;;;0;Each;1.00;3.000;0;marcop;0;6956-000-3.jpg,6956-000-10.jpg;;
"MINIJOGO BOWLING STRIKE";PRO0552;1;;"Fam Art";Jogos;Vendors::::Makito;Memoria;1342;;;;;"17-01-2025 16:08:35";marcop;"17-01-2025 16:08:35";marcop;0;;;8.9;;;0;Each;1.00;0.000;0;marcop;0;1342-000-22.jpg,1342-000-21.jpg,1342-000-P.jpg,1342-000-11.jpg;;
"Suporte LED C/ ACRILICO";PRO0553;1;;"Fam Art";"Eventos Diversos";;"Dia dos Namorados";;;;;;"17-01-2025 16:22:27";marcop;"11-02-2025 18:06:45";marcop;0;;;20;;;0;Each;1.00;'-3.000;0;admin;0;IMG_20250117_162002.jpg,IMG_20250117_161949.jpg;;
"Pano Individual Sublimação Lebron";PRO0554;1;;"Fam Art";Outros;Vendors::::Makito;Decoração;;;;6116;;"17-01-2025 17:46:14";marcop;"17-01-2025 17:46:14";marcop;0;;;0.24;;;0;Each;1.00;50.000;0;marcop;0;6116-001-1.jpg;;
"PANO LIMPEZA GILDOR";PRO0555;1;;"Fam Art";Outros;Vendors::::Makito;Decoração;;;;4386;;"17-01-2025 18:12:54";marcop;"17-01-2025 18:12:54";marcop;0;;;0.73;;;0;Each;1.00;110.000;0;marcop;0;4386-001-1.jpg,4386-000-30.jpg;;
"Bloco de Notas Groly";PRO0556;1;;"Fam Art";Outros;Vendors::::Makito;Diversos;;;;20946;;"17-01-2025 18:14:38";marcop;"17-01-2025 18:14:38";marcop;0;;;4.9;;;0;Each;1.00;3.000;0;marcop;0;20946-003-P.jpg,20946-002-P.jpg,20946-000-20.jpg,20946-000-13.jpg;;
"Caneta Mafei Preta";PRO0557;1;;"Fam Art";"Para Profissionais";Vendors::::Makito;Canetas;;;;20668;;"17-01-2025 18:19:55";marcop;"19-12-2025 15:22:55";marcop;0;;;1;;;0;Each;1.00;86.000;0;marcop;0;20668-002-P.jpg;;
"Caneta Mafei Vermelha";PRO0558;1;;"Fam Art";"Para Profissionais";Vendors::::Makito;Canetas;;;;20668;;"17-01-2025 18:21:55";marcop;"10-12-2025 11:36:14";marcop;0;;;1;;;0;Each;1.00;91.000;0;marcop;0;20668-003-P.jpg;;
"Caneta Mafei Verde";PRO0559;1;;"Fam Art";"Para Profissionais";Vendors::::Makito;Canetas;;;;20668;;"17-01-2025 18:23:00";marcop;"18-04-2025 18:26:07";marcop;0;;;1;;;0;Each;1.00;101.000;0;marcop;0;20668-004-P.jpg;;
"Caneta Mafei Azul";PRO0560;1;;"Fam Art";"Para Profissionais";Vendors::::Makito;Canetas;;;;20668;;"17-01-2025 18:24:08";marcop;"18-04-2025 18:26:08";marcop;0;;;1;;;0;Each;1.00;101.000;0;marcop;0;20668-019-P.jpg;;
"Caneta Mafei Cinza";PRO0561;1;;"Fam Art";"Para Profissionais";Vendors::::Makito;Canetas;;;;20668;;"17-01-2025 18:25:37";marcop;"18-04-2025 18:26:08";marcop;0;;;1;;;0;Each;1.00;1.000;0;marcop;0;20668-008-P.jpg;;
"SET FERRAMENTAS ROSEN";PRO0562;1;;"Fam Art";"Eventos Diversos";Vendors::::Makito;"Dia Do Pai";;;;20483;;"17-01-2025 18:27:28";marcop;"09-03-2026 19:17:33";josep;0;;;24.9;;;0;Each;1.00;3.000;0;marcop;0;20483-000-22.jpg,20483-000-21.jpg,20483-000-P.jpg,20483-000-12.jpg;;
"CHAPÉU DE CHUVA DOLKU";PRO0563;1;;"Fam Art";Outros;Vendors::::Makito;Diversos;;;;1803;;"17-01-2025 18:28:49";marcop;"17-01-2025 19:04:48";marcop;0;;;14.78;;;0;Each;1.00;5.000;0;marcop;0;1803-008-P.jpg,1803-000-10.jpg;;
"RELÓGIO KAJIM";PRO0564;1;;"Fam Art";Outros;Vendors::::Makito;Diversos;;;;1692;;"17-01-2025 18:31:25";marcop;"17-01-2025 18:31:25";marcop;0;;;16.9;;;0;Each;1.00;3.000;0;marcop;0;1692-A1.jpg,1692-000-21.jpg,1692-000-20.jpg,1692-001-P.jpg;;
"RELÓGIO YUSTRY";PRO0565;1;;"Fam Art";Outros;;Decoração;;;;1691;;"17-01-2025 18:37:26";marcop;"17-01-2025 18:41:06";marcop;0;;;11.9;;;0;Each;1.00;3.000;0;marcop;0;1691-000-21.jpg;;
"Quadro Puzzle com porta chaves";PRO0566;1;;"Fam Art";"Eventos Diversos";;"Dia dos Namorados";;;;;;"20-01-2025 17:03:50";marcop;"11-10-2025 12:50:57";marcop;0;;;17;;;0;Each;1.00;999996.000;0;marcop;0;Moldura-Puzzle-Porta-Chaves-Foto.jpg,Moldura-Puzzle-Porta-Chaves.jpg,IMG-20250114-WA0003.jpg;;
"Moldura Super Namorado(a)";PRO0567;1;;"Fam Art";"Eventos Diversos";;"Dia dos Namorados";;;;;;"23-01-2025 15:39:13";marcop;"28-03-2026 17:47:58";josep;0;;;20;;;0;Each;1.00;999997.000;0;marcop;0;IMG-20250102-WA0072.jpg,IMG-20250102-WA0085.jpg,IMG-20250102-WA0048.jpg;;
"Imans Vizela Cores";PRO0568;1;;"Fam Art";Outros;;Iman;;;;;;"03-02-2025 16:27:22";marcop;"04-04-2026 16:28:59";marcop;0;;;1.45;1.1;;0;Each;1.00;'-285.000;0;admin;0;;;
"DGT SolventGlue NR.0 Extreme Capillary Gluing (1L Bottle)";PRO0569;1;;"Fam Art";Consumiveis;Vendors::::Dimatur;Cola;;;;;;"05-02-2025 17:19:55";marcop;"05-02-2025 17:19:55";marcop;0;;;;;;0;Each;1.00;1000003.000;0;marcop;0;4392c678-8297-4f4d-aa17-3852690ea5df.jpg;;
"Application Tape White Paper HEX901 300mm x 100m";PRO0570;1;;"Fam Art";Consumiveis;Vendors::::Dimatur;Diversos;;;;;;"05-02-2025 17:20:26";marcop;"18-08-2025 14:37:13";marcop;0;;;;;;0;Each;1.00;1000000.000;0;marcop;0;5482ed9e-1647-4d89-987b-a3a8ad0332cf.jpg;;
Amazon;PRO0571;1;;"Fam Art";Consumiveis;Vendors::::Dimatur;Diversos;;;;;;"05-02-2025 17:30:46";marcop;"05-02-2025 17:30:46";marcop;0;;;;;;0;Each;1.00;1000003.000;0;marcop;0;;;
"Trofeu Mod 1";PRO0572;1;;"Fam Art";Outros;;Diversos;;;;;;"12-02-2025 17:29:26";marcop;"12-02-2025 17:30:08";marcop;0;;;35;;;0;Each;1.00;999999.000;0;marcop;0;Imagem-WhatsApp-2025-02-12-__s-17.24.11_0f7eefc0.jpg;;
"Fita com Mosquetão";PRO0573;1;;"Fam Art";Outros;;Diversos;;;;;;"15-02-2025 11:53:40";marcop;"18-02-2025 17:34:20";marcop;0;;;1.2;;;0;Each;1.00;999945.000;0;marcop;0;Imagem-WhatsApp-2025-01-11-__s-10.52.12_47627d9f.jpg;;
"Caneca Yozax Inox";PRO0574;1;;"Fam Art";Bebidas;Vendors::::Makito;Canecas;4656;;;;;"15-02-2025 11:57:50";marcop;"30-05-2025 15:54:29";marcop;0;;;4.41;1.79;;0;Each;1.00;4.000;0;marcop;0;COLLAGE.jpg;;
"Clip Sanny";PRO0575;1;;"Fam Art";Outros;Vendors::::Makito;Diversos;1880;;;;;"17-02-2025 11:36:47";marcop;"16-04-2025 12:18:42";marcop;0;;;0.85;;;0;Each;1.00;219.000;0;marcop;0;1880-000-11.jpg,1880-000-21.jpg,1880-000-20.jpg;;
"Bloco de Notas Hartil";PRO0576;1;;"Fam Art";Outros;Vendors::::Makito;Diversos;5980;;;;;"17-02-2025 11:39:27";marcop;"08-04-2025 10:11:47";marcop;0;;;2.2;;;0;Each;1.00;20.000;0;marcop;0;5980-000-1.jpg,5980-000-P.jpg;;
"Lápis Ponteiro Eterno Gosfor";PRO0577;1;;"Fam Art";Outros;Vendors::::Makito;Canetas;1489;;;;;"17-02-2025 11:41:20";marcop;"11-04-2025 18:16:15";marcop;0;;;0.62;;;0;Each;1.00;219.000;0;marcop;0;1489-000-34.jpg,1489-000-31.jpg,1489-000-14.jpg;;
"Moldura Papa STD";PRO0578;1;;"Fam Art";"Eventos Diversos";;"Dia Do Pai";;;;;;"19-02-2025 11:05:40";marcop;"19-02-2025 11:06:20";marcop;0;;;;;;0;Each;1.00;1000000.000;0;marcop;0;IMG-20250218-WA0023.jpg,IMG-20250218-WA0031.jpg,IMG-20250218-WA0038.jpg,IMG-20250218-WA0037.jpg;;
"Moldura Papa Personalizada";PRO0579;1;;"Fam Art";"Eventos Diversos";;"Dia Do Pai";;;;;;"19-02-2025 12:05:56";marcop;"25-02-2025 18:57:32";marcop;0;;;;;;0;Each;1.00;999999.000;0;marcop;0;IMG-20250218-WA0012.jpg,IMG-20250218-WA0020.jpg;;
"Charriot Roupa Boneca";PRO0580;1;;"Fam Art";Outros;;Diversos;;;;;;"26-02-2025 21:30:56";josep;"26-02-2025 21:32:15";josep;0;;;12;;;0;Each;1.00;999999.000;0;josep;0;;;
"Base LED FAM'ART";PRO0581;1;;"Fam Art";Outros;;Diversos;;;;;;"27-02-2025 16:29:14";marcop;"27-02-2025 16:29:30";marcop;0;;;;;;0;Each;1.00;1000000.000;0;marcop;0;IMG-20250227-WA0007.jpg;;
"Saco Tecido Dia da Mãe";PRO0582;1;;"Fam Art";"Eventos Diversos";;"Dia da Mãe";;;;;;"28-02-2025 16:16:54";marcop;"29-04-2025 16:06:25";marcop;0;;;7;;;0;Each;1.00;1000007.000;0;marcop;0;Imagem-WhatsApp-2025-02-26-__s-12.33.27_2e2e0656.jpg;;
"maquina abrir rasgos";PRO0583;1;;"Fam Art";Outros;;Diversos;;;;;;"01-03-2025 09:53:44";josep;"01-03-2025 09:53:44";josep;0;;;;;;0;Each;1.00;1000000.000;0;josep;0;;;
"Betula 9mm";PRO0584;1;;"Fam Art";"Matéria Prima";;Madeira;;;;;;"01-03-2025 12:07:15";marcop;"01-03-2025 12:07:15";marcop;2520;1850;6;45.58;;;0;Each;1.00;1000000.000;0;josep;0;;;
"Folha Borracha A4";PRO0585;1;;"Fam Art";"Matéria Prima";;Diversos;;;;;;"01-03-2025 12:27:07";marcop;"01-03-2025 12:27:07";marcop;0;;6;7.2;;;0;Each;1.00;1000000.000;0;josep;0;;;
"Rolo Borracha";PRO0586;1;;"Fam Art";"Matéria Prima";;Diversos;;;;;;"01-03-2025 12:29:20";marcop;"01-03-2025 12:29:20";marcop;0;;6;6.5;;;0;Each;1.00;1000000.000;0;josep;0;;;
"Carimbo Personalizado";PRO0587;1;;"Fam Art";Outros;;Diversos;;;;;;"04-03-2025 12:42:37";marcop;"02-06-2026 11:19:34";marcop;0;;;;;;0;Each;1.00;999998.000;0;marcop;0;;;
"Rolo Aplicação tinta - 10cm";PRO0588;1;;"Fam Art";Outros;;Diversos;;;;;;"04-03-2025 12:43:24";marcop;"04-03-2025 12:45:12";marcop;0;;;12;;;0;Each;1.00;999999.000;0;marcop;0;;;
"Abre-Cápsulas Nacul";PRO0589;1;;"Fam Art";Outros;Vendors::::Makito;Diversos;6478;;;;;"08-03-2025 09:57:50";marcop;"16-12-2025 10:56:54";marcop;0;;;2;;;0;Each;1.00;1000023.000;0;marcop;0;6478-000-1.jpg,6478-000-P.jpg;;
"Espelho Arendel";PRO0590;1;;"Fam Art";Outros;Vendors::::Makito;Diversos;1236;;;;;"08-03-2025 10:00:21";marcop;"16-12-2025 10:56:57";marcop;0;;;3.5;;;0;Each;1.00;34.000;0;marcop;0;1236-000-30.jpg,1236-000-21.jpg,1236-000-P.jpg;;
"Base Led Iluminada Personalizada";PRO0591;1;;"Fam Art";Outros;;Decoração;;;;;;"08-03-2025 10:34:07";marcop;"30-04-2026 18:33:59";josep;0;;;23;;;0;Each;1.00;999977.000;0;marcop;0;IMG-20250303-WA0012.jpg;;
"Logotipos c/Led";PRO0592;1;;"Fam Art";Outros;;Decoração;;;;;;"08-03-2025 10:44:05";marcop;"28-07-2026 09:25:06";marcop;0;;;;;;0;Each;1.00;999996.000;0;marcop;0;;;
"Logotipos Recorte";PRO0593;1;;"Fam Art";Outros;;Decoração;;;;;;"08-03-2025 10:44:17";marcop;"15-06-2026 08:52:12";marcop;0;;;;;;0;Each;1.00;999990.000;0;marcop;0;;;
"Base Led Pai";PRO0594;1;;"Fam Art";"Eventos Diversos";;"Dia Do Pai";;;;;;"08-03-2025 11:02:03";marcop;"18-03-2025 16:21:02";marcop;0;;;20;;;0;Each;1.00;999991.000;0;marcop;0;IMG-20250303-WA0021.jpg,IMG-20250303-WA0008.jpg,IMG-20250303-WA0041.jpg;;
"Cruz Pai Nosso";PRO0595;1;;"Fam Art";"Eventos Diversos";;Lembranças;;;;;;"08-03-2025 11:25:25";marcop;"08-03-2025 11:26:08";marcop;0;;;2;;;0;Each;1.00;999978.000;0;marcop;0;IMG-20250308-WA0002.jpg;;
"Moldura Magnética Dia Do Pai";PRO0596;1;;"Fam Art";"Eventos Diversos";;"Dia Do Pai";;;;;;"11-03-2025 11:53:10";marcop;"11-03-2025 17:43:45";marcop;0;;;9.5;;;0;Each;1.00;999998.000;0;marcop;0;Imagem-WhatsApp-2025-02-19-__s-12.14.48_31ab36ad.jpg;;
"Porta-Chaves Dia do Pai";PRO0597;1;;"Fam Art";"Eventos Diversos";;"Dia Do Pai";;;;;;"11-03-2025 18:09:40";marcop;"19-03-2025 17:02:40";marcop;0;;;6.2;;;0;Each;1.00;999998.000;0;marcop;0;IMG-20250225-WA0022.jpg;;
"Moldura Super M2";PRO0598;1;;"Fam Art";"Eventos Diversos";;"Dia Do Pai";;;;;;"11-03-2025 18:52:19";marcop;"27-12-2025 11:29:11";marcop;0;;;17.9;;;0;Each;1.00;999995.000;0;marcop;0;IMG-20250225-WA0012.jpg;;
"TÁBUA VARADEK";PRO0599;1;;"Fam Art";Outros;Vendors::::Makito;Decoração;1127;;;;;"13-03-2025 10:17:54";marcop;"14-12-2025 12:22:38";marcop;0;;;10;2.24;;0;Each;1.00;8.000;0;marcop;0;1127-000-20_s.jpg,1127-000-P_s.jpg;;
"VELA AROMÁTICA SAFRON";PRO0600;1;;"Fam Art";Outros;Vendors::::Makito;Decoração;20603;;;;;"13-03-2025 10:21:57";marcop;"03-05-2025 12:19:26";marcop;0;;;8.9;1.35;;0;Each;1.00;9.000;0;marcop;0;20603-005-P.jpg,20603-007-P.jpg,20603-004-P.jpg;;
"CHÁVENA BASTIC";PRO0601;1;;"Fam Art";Outros;Vendors::::Makito;Decoração;4509;;;;;"13-03-2025 10:23:17";marcop;"07-08-2025 17:04:38";marcop;0;;;8.65;1.3;;0;Each;1.00;10.000;0;marcop;0;4509-002-P-_1_.jpg;;
"Porta-Chaves Anticontact Kozko";PRO0602;1;;"Fam Art";Outros;Vendors::::Makito;"Porta Chaves";6658;;;;;"13-03-2025 10:24:17";marcop;"13-03-2025 10:24:17";marcop;0;;;0.27;0.04;;0;Each;1.00;200.000;0;marcop;0;COLLAGE-_1_.jpg;;
"PEN USB HAIDAM 16GB";PRO0603;1;;"Fam Art";Outros;Vendors::::Makito;Diversos;6125;;;;;"13-03-2025 10:37:57";marcop;"21-08-2025 15:08:45";marcop;0;;;6.5;2.29;;0;Each;1.00;'-9.000;0;marcop;0;6125-000-P.jpg;;
"SACA-ROLHAS ELÉCTRICO DEYONG";PRO0604;1;;"Fam Art";Outros;Vendors::::Makito;Decoração;1656;;;;;"13-03-2025 10:50:07";marcop;"18-03-2026 19:37:30";marcop;0;;;21.5;;;0;Each;1.00;7.000;0;marcop;0;1656-000-23.jpg,1656-000-21.jpg,1656-000-20.jpg,1656-009-P.jpg;;
"BASES PARA COPOS DERRIK";PRO0605;1;;"Fam Art";Outros;Vendors::::Makito;Decoração;1749;;;;;"13-03-2025 10:51:47";marcop;"19-04-2025 20:03:50";marcop;0;;;1.25;;;0;Each;1.00;29.000;0;marcop;0;1749-000-20.jpg,1749-000-P.jpg;;
"Porta-Chaves Abre-Cápsulas Jilar";PRO0606;1;;"Fam Art";Outros;Vendors::::Makito;"Porta Chaves";21668;;;;;"13-03-2025 10:53:31";marcop;"11-02-2026 19:36:10";marcop;0;;;5.4;;;0;Each;1.00;18.000;0;marcop;0;21668-000-23.jpg,21668-000-22.jpg,21668-000-20.jpg,21668-013-P.jpg;;
"PORTA-CARTÕES HARBANIX";PRO0607;1;;"Fam Art";Outros;Vendors::::Makito;Diversos;21753;;;;;"13-03-2025 10:54:56";marcop;"28-03-2025 11:31:30";marcop;0;;;9;;;0;Each;1.00;17.000;0;marcop;0;21753-000-10.jpg;;
"Bloco de Notas Climer";PRO0608;1;;"Fam Art";Outros;Vendors::::Makito;Decoração;5019;;;;;"13-03-2025 10:57:03";marcop;"09-03-2026 20:00:51";josep;0;;;3.7;;;0;Each;1.00;0.000;0;marcop;0;5019-000-1.jpg,5019-000-P.jpg;;
"Caneta Ponteiro Sirim";PRO0609;1;;"Fam Art";"Para Profissionais";Vendors::::Makito;Canetas;5261;;;;;"13-03-2025 10:58:42";marcop;"18-04-2025 18:26:08";marcop;0;;;0.8;;;0;Each;1.00;100.000;0;admin;0;5261-000-22_ml.jpg,5261-000-P.jpg,5261-000-1.jpg;;
"ESTOJO ESFEROGRÃFICA LOCEN";PRO0610;1;;"Fam Art";Outros;Vendors::::Makito;Diversos;6611;;;;;"13-03-2025 11:00:18";marcop;"13-03-2025 12:24:36";marcop;0;;;0.13;;;0;Each;1.00;100.000;0;admin;0;6611-000-10.jpg;;
"Iman Dia do Pai";PRO0611;1;;"Fam Art";"Eventos Diversos";;"Dia Do Pai";;;;;;"19-03-2025 16:33:33";marcop;"19-03-2025 16:33:51";marcop;0;;;5.9;;;0;Each;1.00;999998.000;0;marcop;0;IMG-20250225-WA0025.jpg;;
"Convite Rotativo";PRO0612;1;;"Fam Art";Casamentos;;Convites;;;;;;"26-03-2025 19:22:09";marcop;"13-02-2026 10:41:03";marcop;0;;;2.9;;;0;Each;1.00;999961.000;0;marcop;0;;;
"Caneca Ceramica Asa de Cor";PRO0613;1;;"Fam Art";Bebidas;Vendors::::Makito;Canecas;3894;;;;;"28-03-2025 10:57:10";marcop;"29-12-2025 16:56:46";marcop;0;;;9.5;0.91;;0;Each;1.00;45.000;0;marcop;0;3894-000-30.jpg,3894-019-P.jpg,3894-004-P.jpg,3894-003-P.jpg,3894-002-P.jpg,3894-000-10.jpg;;
"Cruzeta Pingo de Cera";PRO0614;1;;"Fam Art";Outros;;Diversos;;;;;;"31-03-2025 17:07:33";marcop;"31-03-2025 17:08:22";marcop;0;;;3.5;;;0;Each;1.00;999996.000;0;marcop;0;;;
"Cruzeta Charriot";PRO0615;1;;"Fam Art";Outros;;Diversos;;;;;;"08-04-2025 19:39:14";josep;"15-10-2025 19:24:20";josep;0;;;1;;;0;Each;1.00;999982.000;0;josep;0;;;
"Conjunto Íman + Abre Cápsulas Porta-Chaves";PRO0616;1;;"Fam Art";"Eventos Diversos";;Pascoa;;;;;;"10-04-2025 21:02:41";josep;"30-03-2026 21:01:36";josep;0;;;6.5;;;0;Each;1.00;999995.000;0;josep;0;IMG-20250328-WA0059.jpg;;
"Flor Madeira Madrinha";PRO0617;1;;"Fam Art";"Eventos Diversos";;Lembranças;;;;;;"11-04-2025 17:34:38";marcop;"11-04-2025 17:35:36";marcop;0;;;10;;;0;Each;1.00;999999.000;0;marcop;0;;;
"Abre Cápsulas Magnético Personalizado";PRO0618;1;;"Fam Art";Outros;;Decoração;;;;;;"17-04-2025 18:27:58";marcop;"18-03-2026 19:24:50";marcop;0;;;25;;;0;Each;1.00;999998.000;0;marcop;0;;;
"Chinelos de Dedo";PRO0619;1;;"Fam Art";Outros;;Diversos;;;;;;"18-04-2025 15:33:57";marcop;"09-08-2025 12:33:25";marcop;0;;;10.9;3.15;;0;Each;1.00;7.000;0;marcop;0;1752-000-23.jpg,1752-000-20.jpg;;
"Mochila Polack";PRO0620;1;;"Fam Art";"Para Profissionais";Vendors::::Makito;Mochilas;1845;;;;;"18-04-2025 16:34:51";marcop;"14-10-2025 17:24:00";marcop;0;;;21.9;6.66;;0;Each;1.00;9.000;0;marcop;0;1845-006-P.jpg;;
"Doudou Marlin";PRO0621;1;;"Fam Art";"Eventos Diversos";Vendors::::Makito;Recém-nascidos;20410;;;;;"18-04-2025 16:37:27";marcop;"25-11-2025 10:42:58";marcop;0;;;10;2.78;;0;Each;1.00;3.000;0;marcop;0;20410-000-20.jpg;;
"Doudou TURAM";PRO0622;1;;"Fam Art";"Eventos Diversos";Vendors::::Makito;Recém-nascidos;20411;;;;;"18-04-2025 16:38:36";marcop;"25-09-2025 17:18:19";marcop;0;;;8;0.99;;0;Each;1.00;5.000;0;marcop;0;20411-000-20.jpg;;
"CASACO GRIFTER";PRO0623;1;;"Fam Art";"Para Profissionais";Vendors::::Makito;Casacos;21296;;;;;"18-04-2025 18:19:35";marcop;"12-02-2026 18:36:07";marcop;0;;;32.5;16.34;;0;Each;1.00;2.000;0;marcop;0;21296-002-P.jpg;;
"MOCHILA SPOOK";PRO0624;1;;"Fam Art";"Para Profissionais";Vendors::::Makito;Mochilas;3164;;;;;"18-04-2025 18:20:54";marcop;"18-04-2025 18:20:54";marcop;0;;;2;0.36;;0;Each;1.00;10.000;0;marcop;0;3164-002-P.jpg;;
"AVENTAL KONNER";PRO0625;1;;"Fam Art";"Para Profissionais";Vendors::::Makito;Avental;6051;;;;;"18-04-2025 18:23:20";marcop;"02-06-2026 11:31:44";marcop;0;;;10.9;3.03;;0;Each;1.00;'-6.000;0;marcop;0;6051-001-P.jpg;;
"Lembrança Letra Móvel";PRO0626;1;;"Fam Art";"Cerimonias Religiosas";;"1* Comunhão";;;;;;"24-04-2025 19:12:44";josep;"28-07-2026 16:16:13";marcop;0;;;3.6;;;0;Each;1.00;999941.000;0;josep;0;2025-04-24-19_12_15-Modelo-Rodrigo.jpg;;
"Caneta Kit Williams";PRO0627;1;;"Fam Art";"Para Profissionais";Vendors::::Makito;Canetas;1277;;;;;"30-04-2025 11:58:46";marcop;"23-12-2025 17:31:03";josep;0;;;30;;;0;Each;1.00;1.000;0;marcop;0;1277-000-3.jpg,1277-000-6.jpg;;
"Microtac MM2829 White Matt";PRO0628;1;;"Fam Art";Consumiveis;;Adesivos;;;;;;"05-05-2025 12:15:17";marcop;"05-05-2025 12:15:17";marcop;0;;;10.2;;;0;Each;1.00;1000000.000;0;marcop;0;fa7a4c62-b37d-4337-af30-c7600eb31212.jpg;;
"Placa Reservado 45º";PRO0629;1;;"Fam Art";Outros;;Decoração;;;;;;"06-05-2025 12:23:45";marcop;"06-05-2025 12:24:22";marcop;0;;;8;;;0;Each;1.00;1000000.000;0;marcop;0;IMG-20250506-WA0040.jpg;;
"Placa Mãe foto cores";PRO0630;1;;"Fam Art";"Eventos Diversos";;"Dia da Mãe";;;;;;"13-05-2025 17:16:16";marcop;"13-05-2025 22:43:03";marcop;0;;;15;;;0;Each;1.00;999999.000;0;marcop;0;494575999_567253136008235_8104637761075600581_n.jpg;;
"Lembranças Personalizadas";PRO0631;1;;"Fam Art";"Eventos Diversos";;Lembranças;;;;;;"13-05-2025 22:44:25";marcop;"15-07-2026 21:05:04";marcop;0;;;;;;0;Each;1.00;998929.000;0;marcop;0;;;
"Set Vinhos Boriax";PRO0632;1;;"Fam Art";Outros;Vendors::::Makito;Decoração;6100;;;;;"13-05-2025 23:41:48";marcop;"18-03-2026 19:29:26";marcop;0;;;30;;;0;Each;1.00;'-1.000;0;marcop;0;6100-000-P.jpg,6100-000-22.jpg,6100-000-1.jpg;;
"VASO KONTE";PRO0633;1;;"Fam Art";Consumiveis;Vendors::::Makito;Diversos;1931;;;;;"14-05-2025 12:40:38";marcop;"14-05-2025 12:40:38";marcop;0;;;7.3;;;0;Each;1.00;5.000;0;marcop;0;1931-000-21.jpg,1931-000-20.jpg,1931-000-11.jpg;;
"SACO GWEN";PRO0634;1;;"Fam Art";Consumiveis;Vendors::::Makito;Diversos;1830;;;;;"14-05-2025 12:46:03";marcop;"08-08-2025 19:35:56";josep;0;;;4;;;0;Each;1.00;2037.000;0;marcop;0;1830-001-P.jpg,1830-000-20.jpg;;
"SACO PROSUM";PRO0635;1;;"Fam Art";Consumiveis;Vendors::::Makito;Diversos;6431;;;;;"14-05-2025 12:47:23";marcop;"14-05-2025 12:47:23";marcop;0;;;6;;;0;Each;1.00;30.000;0;marcop;0;6431-000-10.jpg,6431-013-P.jpg;;
"MAQUINA CRACHÁS 58mm PACK 100 Unid.";PRO0636;1;;"Fam Art";Consumiveis;"Vendors::::333 Colors";Diversos;XZJ58_100;;;;;"14-05-2025 17:40:16";marcop;"14-05-2025 17:40:16";marcop;0;;;56.58;;;0;Each;1.00;1.000;0;marcop;0;;;
"Íman Magnético 58mm - Metal";PRO0637;1;;"Fam Art";Consumiveis;"Vendors::::333 Colors";Diversos;R58_SDHP03;;;;;"14-05-2025 17:42:30";marcop;"06-07-2026 10:41:06";marcop;0;;;0.8;;;0;Each;1.00;'-276.000;0;marcop;0;R58_SDHP03_l.jpg;;
"BANDANA CÃO SUB. TAM. M";PRO0638;1;;"Fam Art";"Especial Patudos";"Vendors::::333 Colors";"Chapinhas Identificação";WZ02;;;;;"14-05-2025 17:47:30";marcop;"14-05-2025 18:42:29";marcop;0;;;7.95;;;0;Each;1.00;0.000;0;marcop;0;WZ03_2_l.jpg;;
"BANDANA CÃO SUB. TAM. L";PRO0639;1;;"Fam Art";"Especial Patudos";"Vendors::::333 Colors";"Chapinhas Identificação";WZ03;;;;;"14-05-2025 17:47:52";marcop;"14-05-2025 18:42:22";marcop;0;;;8.53;;;0;Each;1.00;4.000;0;marcop;0;;;
"BANDANA CÃO SUB. TAM. XL";PRO0640;1;;"Fam Art";"Especial Patudos";"Vendors::::333 Colors";"Chapinhas Identificação";WZ04;;;;;"14-05-2025 17:48:16";marcop;"14-05-2025 18:43:17";marcop;0;;;9.12;;;0;Each;1.00;2.000;0;marcop;0;;;
"PAPEL SUBLIMAÇÃO A4";PRO0641;1;;"Fam Art";Consumiveis;"Vendors::::333 Colors";Diversos;PSA4;;;;;"14-05-2025 17:56:36";marcop;"14-05-2025 17:56:36";marcop;0;;;14.9;;;0;Each;1.00;6.000;0;marcop;0;;;
"Vinil SUPTAC Cor";PRO0642;1;;"Fam Art";Consumiveis;Vendors::::Dimatur;Diversos;S5000;;;;;"14-05-2025 18:13:56";marcop;"11-03-2026 11:18:52";marcop;0;;;;;;0;Each;1.00;5.000;0;marcop;0;;;
"Vinil SUPTAC Preto e branco";PRO0643;1;;"Fam Art";Consumiveis;Vendors::::Dimatur;Diversos;S5000;;;;;"14-05-2025 18:15:32";marcop;"13-08-2025 16:07:14";marcop;0;;;25.2;;;0;Each;1.00;'-1.000;0;marcop;0;;;
"Vinil Craft PS termoadesivo";PRO0644;1;;"Fam Art";Consumiveis;Vendors::::Dimatur;Diversos;"PS Film";;;;;"14-05-2025 18:17:54";marcop;"12-07-2025 10:49:53";marcop;0;;;;;;0;Each;1.00;'-186.000;0;marcop;0;;;
"Tapete INSPIRE GABRIEL 45X75CM";PRO0645;1;;"Fam Art";Outros;;Decoração;;;;;;"16-05-2025 11:27:44";marcop;"16-05-2025 12:47:45";marcop;0;;;30;;;0;Each;1.00;999999.000;0;marcop;0;;;
"Quadro assinaturas c/ suporte";PRO0646;1;;"Fam Art";Casamentos;;"Quadro Assinaturas";;;;;;"16-05-2025 20:45:21";josep;"04-07-2025 18:31:04";marcop;0;;;120;;;0;Each;1.00;999998.000;0;josep;0;;;
"Expositor Mocho Colares Acrilico";PRO0647;1;;"Fam Art";Revenda;;Conjuntos;;;;;;"17-06-2025 15:39:58";marcop;"08-11-2025 13:08:18";marcop;0;;;37;;;0;Each;1.00;'-68.000;0;marcop;0;IMG-20250617-WA0004.jpg;;
"BONÉ CRIANÇA RICK";PRO0648;1;;"Fam Art";Outros;Vendors::::Makito;Diversos;1534;;;;;"18-06-2025 11:19:19";marcop;"18-06-2025 11:20:00";marcop;0;;;;;;0;Each;1.00;15.000;0;marcop;0;1534-000-10.jpg;;
"BONÉ FLECHER";PRO0649;1;;"Fam Art";Outros;Vendors::::Makito;Diversos;1537;;;;;"18-06-2025 11:20:30";marcop;"18-06-2025 11:20:30";marcop;0;;;;;;0;Each;1.00;3.000;0;marcop;0;1537-000-11.jpg;;
"BONÉ OCONOR";PRO0650;1;;"Fam Art";Outros;Vendors::::Makito;Diversos;20835;;;;;"18-06-2025 11:21:04";marcop;"18-06-2025 11:21:04";marcop;0;;;;;;0;Each;1.00;35.000;0;marcop;0;20835-000-10.jpg;;
"T-SHIRT ADULTO COCKER";PRO0651;1;;"Fam Art";"Para Profissionais";Vendors::::Makito;Camisolas;21909;;;;;"18-06-2025 11:58:41";marcop;"23-09-2025 18:20:45";josep;0;;;;;;0;Each;1.00;'-2.000;0;marcop;0;COLLAGE-_2_.jpg;;
"Mochila Bruxdul";PRO0652;1;;"Fam Art";"Para Profissionais";Vendors::::Makito;Mochilas;21778;;;;;"18-06-2025 12:04:22";marcop;"08-01-2026 11:06:50";marcop;0;;;40;18.15;;0;Each;1.00;7.000;0;marcop;0;21778-000-10.jpg;;
"T-SHIRT KEYA WCS150";PRO0653;1;;"Fam Art";"Para Profissionais";Vendors::::Makito;Camisolas;5868;;;;;"18-06-2025 12:17:43";marcop;"17-10-2025 11:10:33";marcop;0;;;;;;0;Each;1.00;16.000;0;marcop;0;COLLAGE-_3_.jpg;;
"Leque Woter";PRO0654;1;;"Fam Art";Outros;Vendors::::Makito;Diversos;6467;;;;;"18-06-2025 12:18:51";marcop;"18-06-2025 12:18:51";marcop;0;;;;;;0;Each;1.00;10.000;0;marcop;0;6467-000-10.jpg;;
"Lembrança Iman Foto cores";PRO0655;1;;"Fam Art";"Eventos Diversos";;Lembranças;;;;;;"20-06-2025 15:18:21";marcop;"20-06-2025 15:23:16";marcop;0;;;2.5;;;0;Each;1.00;999985.000;0;marcop;0;Imagem-WhatsApp-2025-06-20-__s-15.22.18_75dbfd44.jpg;;
"Cracha personalizados";PRO0656;1;;"Fam Art";Consumiveis;"Vendors::::333 Colors";Diversos;XZCO58;;;;;"24-06-2025 17:47:32";marcop;"02-07-2026 08:55:12";marcop;0;;;2.5;;;0;Each;1.00;13.000;0;marcop;0;XZCO58.jpg;;
"Moldura Finalistas";PRO0657;1;;"Fam Art";"Eventos Diversos";;Finalistas;;;;;;"25-06-2025 15:37:11";marcop;"25-06-2025 15:38:22";marcop;0;;;15;;;0;Each;1.00;'-3.000;0;marcop;0;Imagem-WhatsApp-2025-06-25-__s-15.36.01_2a35e2a7.jpg;;
"Topper Finalistas";PRO0658;1;;"Fam Art";"Eventos Diversos";;Finalistas;;;;;;"25-06-2025 15:37:56";marcop;"25-06-2025 15:38:36";marcop;0;;;3;;;0;Each;1.00;'-4.000;0;marcop;0;Imagem-WhatsApp-2025-06-25-__s-15.36.02_49209707.jpg;;
"Porta chaves Pes";PRO0659;1;;"Fam Art";"Eventos Diversos";;Lembranças;;;;;;"30-06-2025 17:08:33";marcop;"30-06-2025 17:09:18";marcop;0;;;0.9;;;0;Each;1.00;999960.000;0;marcop;0;Captura-de-ecr__-2025-06-30-120727.png;;
"T-shirt ATOMIC 150";PRO0660;1;;"Fam Art";"Para Profissionais";Vendors::::Pubeivil;Camisolas;;;;;;"09-07-2025 11:22:41";marcop;"29-05-2026 11:03:43";marcop;0;;;6.5;;;0;Each;1.00;'-62.000;0;marcop;0;p_6424_58_1_1.jpg;;
"Copos Plastico";PRO0661;1;;"Fam Art";Bebidas;Vendors::::Makito;Copos;2751;;;;;"11-07-2025 19:48:35";marcop;"30-07-2025 18:44:18";marcop;0;;;;;;0;Each;1.00;30.000;0;marcop;0;2751-000-11.jpg;;
"Colete Refletor";PRO0662;1;;"Fam Art";"Para Profissionais";;Casacos;;;;;;"11-07-2025 19:51:16";marcop;"11-07-2025 19:53:21";marcop;0;;;8;;;0;Each;1.00;2.000;0;marcop;0;8025-000-11.jpg;;
"T-shirt BEAGLE";PRO0663;1;;"Fam Art";"Para Profissionais";Vendors::::Pubeivil;Camisolas;6554;;;;;"15-07-2025 10:45:00";marcop;"11-09-2025 10:35:09";marcop;0;;;7.5;1.84;;0;Each;1.00;'-12.000;0;marcop;0;6554_98_1_3.jpg;;
"Polo MONTREAL";PRO0664;1;;"Fam Art";"Para Profissionais";Vendors::::Pubeivil;Camisolas;6629;;;;;"15-07-2025 10:46:42";marcop;"15-07-2025 10:55:13";marcop;0;;;15.5;6.51;;0;Each;1.00;1.000;0;marcop;0;p_6629_0501_1_1.jpg;;
"T-shirt DOGO PREMIUM";PRO0665;1;;"Fam Art";"Para Profissionais";Vendors::::Pubeivil;Camisolas;6502;;;;;"15-07-2025 10:49:36";marcop;"31-03-2026 10:33:44";marcop;0;;;7;2.09;;0;Each;1.00;'-11.000;0;marcop;0;p_6502_231_1_1.jpg;;
"Colete Laboral Multibolsos";PRO0666;1;;"Fam Art";"Para Profissionais";Vendors::::Pubeivil;Casacos;9111;;;;;"16-07-2025 11:50:03";marcop;"16-07-2025 11:51:39";marcop;0;;;23;;;0;Each;1.00;9.000;0;marcop;0;;;
"Fita Cabeça";PRO0667;1;;"Fam Art";"Para Profissionais";Vendors::::Makito;Camisolas;20505;;;;;"18-07-2025 17:36:31";marcop;"25-09-2025 17:11:10";marcop;0;;;3.5;;;0;Each;1.00;18.000;0;marcop;0;20505-001-P.jpg;;
"Quadro Netinhos";PRO0668;1;;"Fam Art";"Eventos Diversos";;"Dia dos Avos";;;;;;"24-07-2025 19:35:17";josep;"24-07-2025 19:36:53";josep;0;;;17.5;;;0;Each;1.00;999999.000;0;josep;0;IMG_0109.jpeg;;
"Lembrança Fotogravação redondo";PRO0669;1;;"Fam Art";Batizados;;Lembranças;;;;;;"25-07-2025 23:30:05";marcop;"19-08-2025 17:20:45";marcop;0;;;1.85;;;0;Each;1.00;999920.000;0;marcop;0;Imagem-WhatsApp-2025-07-22-__s-19.47.38_755c2aff.jpg;;
"Convite Bilhete Padrinhos Iman";PRO0670;1;;"Fam Art";Batizados;;Convites;;;;;;"01-08-2025 15:36:47";marcop;"04-10-2025 10:05:50";marcop;0;;;8;;;0;Each;1.00;999997.000;0;marcop;0;521175096_3291972264290306_43135717364535506_n.jpg;;
"T-Shirt Mulher Côr Seiyo";PRO0671;1;;"Fam Art";"Para Profissionais";Vendors::::Makito;Camisolas;21141;;;;;"08-08-2025 17:05:40";marcop;"08-07-2026 20:43:11";marcop;0;;;12;;;0;Each;1.00;56.000;0;marcop;0;21141-000-10.jpg;;
"Mealheiro Poupança 3000€";PRO0672;1;;"Fam Art";Outros;;Decoração;;;;;;"19-08-2025 18:36:40";marcop;"19-08-2025 18:37:35";marcop;0;;;20;;;0;Each;1.00;999999.000;0;marcop;0;;;
Rifas;PRO0673;1;;"Fam Art";Outros;;Diversos;;;;;;"21-08-2025 17:47:33";marcop;"21-08-2025 17:48:38";marcop;0;;;15;;;0;Each;1.00;999999.000;0;marcop;0;;;
"Emblema Redondo Sublimação";PRO0674;1;;"Fam Art";"Matéria Prima";"Vendors::::333 Colors";Diversos;;;;;;"21-08-2025 17:52:05";marcop;"29-12-2025 20:03:42";marcop;0;;;5;;;0;Each;1.00;7.000;0;marcop;0;;;
"PLA Basic";PRO0675;1;;"Fam Art";Consumiveis;;Diversos;;;;;;"23-08-2025 11:31:27";marcop;"23-08-2025 11:31:27";marcop;0;;;23.76;;;0;Each;1.00;22.000;0;marcop;0;White.jpg;;
"PETG Translucent";PRO0676;1;;"Fam Art";Consumiveis;;Diversos;;;;;;"23-08-2025 11:32:09";marcop;"23-08-2025 11:32:09";marcop;0;;;23.76;;;0;Each;1.00;4.000;0;marcop;0;JP34951_dfb10fec-368d-47a7-8bd8-bb506498a9bd.jpg;;
"Bambu Hotend - A1 Series";PRO0677;1;;"Fam Art";Consumiveis;;Diversos;;;;;;"23-08-2025 11:33:01";marcop;"23-08-2025 11:33:01";marcop;0;;;9.4;;;0;Each;1.00;4.000;0;marcop;0;0.2.png;;
"Bambu Lab A1 3D Printer";PRO0678;1;;"Fam Art";Consumiveis;;Diversos;;;;;;"23-08-2025 11:35:10";marcop;"23-08-2025 11:35:10";marcop;0;;;453.76;;;0;Each;1.00;1.000;0;marcop;0;;;
"Aplicação Vinil";PRO0679;1;;"Fam Art";"Para Profissionais";;Aplicações;;;;;;"06-09-2025 12:29:32";marcop;"15-06-2026 08:51:38";marcop;0;;;;;;0;Each;1.00;'-67.000;0;marcop;0;;;
Etiquetas;PRO0680;1;;"Fam Art";Outros;;Diversos;;;;;;"10-09-2025 12:09:54";marcop;"28-04-2026 15:48:01";marcop;0;;;9.9;;;0;Each;1.00;'-8.000;0;marcop;0;;;
"Ecografia Luminosa";PRO0681;1;;"Fam Art";"Eventos Diversos";;"Dia da Mãe";;;;;;"20-09-2025 12:31:20";marcop;"11-10-2025 12:50:59";marcop;0;;;30;;;0;Each;1.00;999999.000;0;marcop;0;Imagem-WhatsApp-2025-09-18-__s-17.23.55_171f300b.jpg;;
"Expositor Mocho Aneis Acrílico";PRO0682;1;;"Fam Art";Revenda;;Conjuntos;;;;;;"23-09-2025 19:09:46";josep;"08-11-2025 13:08:22";marcop;0;;;32.5;;;0;Each;1.00;'-19.000;0;marcop;0;;;
"Chapéu Zelio";PRO0683;1;;"Fam Art";Outros;;Diversos;;;;;;"25-09-2025 10:25:24";marcop;"25-09-2025 10:25:24";marcop;0;;;;;;0;Each;1.00;124.000;0;marcop;0;COLLAGE-_5_.jpg;;
"Fita Chapéu Polyester";PRO0684;1;;"Fam Art";Outros;;Diversos;;;;;;"25-09-2025 10:27:23";marcop;"25-09-2025 10:27:23";marcop;0;;;;;;0;Each;1.00;150.000;0;marcop;0;COLLAGE-_6_.jpg;;
"Babete Ruby";PRO0685;1;;"Fam Art";"Eventos Diversos";Vendors::::Makito;Recém-nascidos;20412;;;;;"25-09-2025 16:59:24";marcop;"25-09-2025 16:59:24";marcop;0;;;10;;;0;Each;1.00;5.000;0;marcop;0;20412-000-20.jpg,20412-000-12.jpg;;
"Gorro Pai Natal Plumex";PRO0686;1;;"Fam Art";"Eventos Diversos";Vendors::::Makito;Natal;21277;;;;;"25-09-2025 17:00:49";marcop;"25-09-2025 17:00:49";marcop;0;;;10;;;0;Each;1.00;10.000;0;marcop;0;21277-000-20.jpg;;
"Enfeite Natal Babek";PRO0687;1;;"Fam Art";"Eventos Diversos";Vendors::::Makito;Natal;21965;;;;;"25-09-2025 17:02:04";marcop;"25-09-2025 17:02:04";marcop;0;;;6.5;;;0;Each;1.00;12.000;0;marcop;0;21965-000-10.jpg;;
"T-shirt Luanda";PRO0688;1;;"Fam Art";"Para Profissionais";"Vendors::::TH Clothes";Camisolas;"THC LUANDA";;;;;"06-10-2025 14:57:47";marcop;"18-06-2026 10:53:53";marcop;0;;;;2.32;;0;Each;1.00;'-83.000;0;marcop;0;;;
"Bola de Natal com Foto";PRO0689;1;;"Fam Art";"Eventos Diversos";;Natal;;;;;;"16-10-2025 20:49:38";josep;"16-10-2025 20:51:55";josep;0;;;7.5;;;0;Each;1.00;1000000.000;0;josep;0;Bola-com-foto.PNG;;
"Calendário Advento Contagem circular";PRO0690;1;;"Fam Art";"Eventos Diversos";;Natal;;;;;;"16-10-2025 20:55:48";josep;"16-10-2025 20:56:25";josep;0;;;15;;;0;Each;1.00;1000000.000;0;josep;0;Calendario.PNG;;
"Bola de Natal Modelo Anjo";PRO0691;1;;"Fam Art";"Eventos Diversos";;Natal;;;;;;"17-10-2025 17:41:58";marcop;"17-10-2025 17:41:58";marcop;0;;;3;;;0;Each;1.00;999993.000;0;josep;0;Anjo.png;;
"Saco Suntek";PRO0692;1;;"Fam Art";"Eventos Diversos";Vendors::::Makito;Lembranças;2624;;;;;"24-10-2025 15:55:38";marcop;"24-10-2025 15:55:38";marcop;0;;;;;;0;Each;1.00;1260.000;0;marcop;0;2624-000-10.jpg;;
"Sacos Personalizados";PRO0693;1;;"Fam Art";"Eventos Diversos";;Lembranças;;;;;;"24-10-2025 15:57:12";marcop;"10-04-2026 22:23:49";marcop;0;;;;;;0;Each;1.00;'-329.000;0;marcop;0;;;
Folhetos;PRO0694;1;;"Fam Art";Outros;;"Cartões Visita";;;;;;"24-10-2025 16:03:33";marcop;"24-10-2025 16:03:40";marcop;0;;;0.4;;;0;Each;1.00;999500.000;0;marcop;0;;;
"Caneta Clexton";PRO0695;1;;"Fam Art";"Para Profissionais";Vendors::::Makito;Canetas;5014;;;;;"24-10-2025 18:51:36";marcop;"24-10-2025 18:51:58";marcop;0;;;0.5;;;0;Each;1.00;50.000;0;admin;0;5014-002-P.jpg;;
"Gola de Pescoço";PRO0696;1;;"Fam Art";Outros;Vendors::::Makito;Diversos;4215;;;;;"30-10-2025 19:09:26";marcop;"11-07-2026 09:30:44";marcop;0;;;1.4;;;0;Each;1.00;'-10.000;0;marcop;0;4215-007-P.jpg;;
"Caneta FUCSIA";PRO0697;1;;"Fam Art";"Para Profissionais";Vendors::::Makito;Canetas;;;;5418;;"05-11-2025 10:49:19";marcop;"11-03-2026 11:49:14";marcop;0;;;0.7;;;0;Each;1.00;136.000;0;admin;0;5418-011-P.jpg;;"Descubra a Esferográfica Trocum, a caneta perfeita para quem valoriza elegância e funcionalidade no dia a dia. Com seu design bicolor e acabamento em alumínio, oferece conforto e estilo ao escrever.

Material: Alumínio
Mecanismo: Pulsador
Design: Elegante de duas cores
Versões de cor: Variedade
Clipe: Original
Detalhes: Anéis e ponta prateados
Cartucho: Jumbo
Tinta: Azul
Carga: Jumbo
A Esferográfica Trocum é uma excelente escolha para quem procura uma caneta de alta qualidade e durabilidade. Feita em alumínio resistente, é ideal tanto para uso pessoal quanto profissional. Sua tinta azul assegura uma escrita fluída e contínua, enquanto o mecanismo pulsador garante praticidade. O design sofisticado com clipe original e detalhes prateados realça sua beleza, fazendo da Esferográfica Trocum um objeto de destaque na categoria de escrita. Perfeita para o ambiente corporativo, escolar ou para o seu dia a dia, ela certamente adicionará um toque de classe as suas anotações. Escolha a cor que mais combina com seu estilo e deixe que a Esferográfica Trocum seja sua companheira de confiança para registrar momentos importantes"
"MDF Dupla Face Branco 5MM";PRO0698;1;;"Fam Art";"Matéria Prima";;Madeira;;;;;;"08-11-2025 10:30:54";marcop;"08-11-2025 10:30:54";marcop;0;;;26.25;17.87;;0;Each;1.00;14.000;0;marcop;0;;;
"Sweatshirt Personalizada";PRO0699;1;;"Fam Art";"Eventos Diversos";;Natal;;;;;;"11-11-2025 11:27:47";marcop;"12-02-2026 18:55:08";marcop;0;;;20;;;0;Each;1.00;49.000;0;marcop;0;Imagem-WhatsApp-2025-11-03-__s-22.57.21_dcd642c4_1__1_.png;;
"Porta-Chaves Lanterna Flonse";PRO0700;1;;"Fam Art";"Para Profissionais";Vendors::::Makito;"Porta Chaves";5207;;;;;"11-11-2025 12:09:47";marcop;"29-12-2025 17:56:19";marcop;0;;;0.66;;;0;Each;1.00;5.000;0;marcop;0;COLLAGE-_7_.jpg;;
"COPO TÉRMICO LIKU";PRO0701;1;;"Fam Art";Bebidas;Vendors::::Makito;Copos;21398;;;;;"14-11-2025 17:55:41";marcop;"25-11-2025 22:55:15";marcop;0;;;15.3;;;0;Each;1.00;4.000;0;marcop;0;21398-000-14.jpg;;
"ALTIFALANTE LAURENS";PRO0702;1;;"Fam Art";Outros;Vendors::::Makito;Diversos;21398;;;;;"14-11-2025 18:08:12";marcop;"14-11-2025 18:17:08";marcop;0;;;16.82;;;0;Each;1.00;5.000;0;marcop;0;1426-000-10.jpg;;
"Sweatshirt de Capuz Personalizada";PRO0703;1;;"Fam Art";"Para Profissionais";;Camisolas;;;;;;"14-11-2025 18:45:12";marcop;"01-07-2026 17:39:16";marcop;0;;;20;;;0;Each;1.00;'-128.000;0;marcop;0;;;
"Vela Aromática Tepor";PRO0704;1;;"Fam Art";Outros;Vendors::::Makito;Decoração;6348;;;;;"14-11-2025 18:54:24";marcop;"14-11-2025 18:57:24";marcop;0;;;4;2.89;;0;Each;1.00;4.000;0;marcop;0;6348-000-11.jpg;;
"Bola Natal Animais Fotogravação";PRO0705;1;;"Fam Art";"Eventos Diversos";;Natal;;;;;;"18-11-2025 12:05:49";marcop;"15-01-2026 17:40:33";josep;0;;;5.5;;;0;Each;1.00;'-46.000;0;admin;0;IMG_20251104_185302.jpg;;
"Polo Adulto Cor Charlot";PRO0706;1;;"Fam Art";"Para Profissionais";Vendors::::Makito;Camisolas;21962;;;;;"24-11-2025 19:59:57";marcop;"26-06-2026 17:37:03";marcop;0;;;16;;;0;Each;1.00;6.000;0;marcop;0;21962-000-10.jpg;;
"Avental Milty";PRO0707;1;;"Fam Art";"Para Profissionais";Vendors::::Makito;Avental;4870;;;;;"24-11-2025 20:01:24";marcop;"24-11-2025 20:03:04";marcop;0;;;7.5;;;0;Each;1.00;1.000;0;marcop;0;4870-002-P.jpg;;
"Jaqueta Cozinheiro";PRO0708;1;;"Fam Art";"Para Profissionais";Vendors::::Pubeivil;Camisolas;4500;;;;;"24-11-2025 20:04:18";marcop;"24-11-2025 20:04:46";marcop;0;;;37.5;;;0;Each;1.00;'-4.000;0;marcop;0;p_4500_02_1_1.jpg;;
"Camisola Parede Personalizada";PRO0709;1;;"Fam Art";"Eventos Diversos";;Placas;;;;;;"06-12-2025 10:27:34";marcop;"23-12-2025 15:19:43";josep;0;;;14;;;0;Each;1.00;999999.000;0;marcop;0;Imagem-WhatsApp-2025-12-06-__s-10.27.08_a8db412f.jpg;;
"Árvore de Natal com Ripas";PRO0710;1;;"Fam Art";"Eventos Diversos";;Natal;;;;;;"06-12-2025 11:48:57";marcop;"06-12-2025 12:21:43";marcop;0;;;9;;;0;Each;1.00;999999.000;0;marcop;0;589021332_878689988180522_2382681564127829068_n.png;;
"Bola de Natal Presepio";PRO0711;1;;"Fam Art";"Eventos Diversos";;Natal;;;;;;"06-12-2025 12:21:19";marcop;"06-12-2025 12:21:40";marcop;0;;;2.5;;;0;Each;1.00;999973.000;0;admin;0;Imagem-WhatsApp-2025-12-06-__s-12.21.03_9d8a9860.jpg;;
"Calendário A3 Anual";PRO0712;1;;"Fam Art";Outros;;Decoração;;;;;;"10-12-2025 16:02:40";marcop;"10-12-2025 16:10:18";marcop;0;;;1.1;;;0;Each;1.00;'-20.000;0;marcop;0;2026.png;;
"Colares Personalizados";PRO0713;1;;Imortalis;Joias;;Colares;;;;;;"17-12-2025 20:36:06";marcop;"17-12-2025 20:36:35";marcop;0;;;10;;;0;Each;1.00;'-3.000;0;admin;0;;;
"Caneta Raitox";PRO0714;1;;"Fam Art";"Para Profissionais";Vendors::::Makito;Canetas;20659;;;;;"19-12-2025 15:20:54";marcop;"19-12-2025 15:22:42";marcop;0;;;1;;;0;Each;1.00;35.000;0;marcop;0;20659-000-11.jpg;;
"CHÁVENA COLORFUL";PRO0715;1;;"Fam Art";"Para Profissionais";Vendors::::Makito;Canecas;3272;;;;;"20-12-2025 11:07:41";marcop;"20-12-2025 11:45:24";marcop;0;;;2;;;0;Each;1.00;4.000;0;marcop;0;;;
"MOCHILA MANET";PRO0716;1;;"Fam Art";"Para Profissionais";Vendors::::Makito;Mochilas;20891;;;;;"20-12-2025 11:29:20";marcop;"20-12-2025 11:44:08";marcop;0;;;6.15;;;0;Each;1.00;5.000;0;marcop;0;20891-002-P.jpg;;
"Mochila Arcano";PRO0717;1;;"Fam Art";"Para Profissionais";Vendors::::Makito;Mochilas;4591;;;;;"20-12-2025 11:30:17";marcop;"20-12-2025 11:44:13";marcop;0;;;17.5;;;0;Each;1.00;3.000;0;marcop;0;4591-006-1.jpg;;
"Bloco de Notas Suporte Jibs";PRO0718;1;;"Fam Art";"Para Profissionais";Vendors::::Makito;Aplicações;20954;;;;;"20-12-2025 11:31:51";marcop;"20-12-2025 11:40:20";marcop;0;;;;;;0;Each;1.00;0.000;0;marcop;0;20954-000-13.jpg;;
"Suporte Protok";PRO0719;1;;"Fam Art";"Para Profissionais";Vendors::::Makito;Aplicações;6797;;;;;"20-12-2025 11:32:33";marcop;"20-12-2025 11:39:54";marcop;0;;;;;;0;Each;1.00;0.000;0;marcop;0;6797-000-3.jpg;;
"Plada Spotify Madeira";PRO0720;1;;"Fam Art";"Eventos Diversos";;Placas;;;;;;"20-12-2025 11:38:08";josep;"20-12-2025 11:50:58";josep;0;;;18;;;0;Each;1.00;999999.000;0;josep;0;;;
"Simbolo Benfica";PRO0721;1;;"Fam Art";Outros;;Decoração;;;;;;"23-12-2025 12:29:26";josep;"23-12-2025 12:34:52";josep;0;;;13.5;;;0;Each;1.00;999999.000;0;josep;0;IMG_1548.jpeg;;
"Agenda Secretária 1 Dia Basic";PRO0722;1;;"Fam Art";Outros;Vendors::::Ambar;Diversos;6160100450025;;;;;"30-12-2025 11:13:27";marcop;"30-12-2025 11:15:10";marcop;0;;;9.5;;;0;Each;1.00;2.000;0;marcop;0;;;
"Google drive";PRO0723;1;;"Fam Art";Outros;;Diversos;;;;;;"12-01-2026 11:46:27";marcop;"12-01-2026 11:46:27";marcop;0;;;;;;0;Each;1.00;1000001.000;0;marcop;0;;;
"Velcros Coins";PRO0724;1;;"Fam Art";Consumiveis;;Adesivos;;;;;;"12-01-2026 11:52:49";marcop;"12-01-2026 11:52:49";marcop;0;;;;;;0;Each;1.00;1.000;0;marcop;0;;;
"Manta Polar";PRO0725;1;;"Fam Art";Outros;Vendors::::Makito;Diversos;4358;;;;;"02-02-2026 12:03:06";marcop;"19-02-2026 11:36:18";marcop;150;120;;4.85;;;0;Each;1.00;'-148.000;0;marcop;0;4358-000-11.jpg;;
"Expositor Folha A3 Acrilico";PRO0726;1;;"Fam Art";Outros;;Diversos;;;;;;"09-02-2026 16:57:10";marcop;"09-02-2026 16:59:43";marcop;0;;;24;;;0;Each;1.00;'-8.000;0;marcop;0;;;
"Pedra Cemitério UV";PRO0727;1;;"Fam Art";Outros;;Decoração;;;;;;"12-02-2026 10:36:04";marcop;"12-02-2026 10:36:49";marcop;0;;;110;;;0;Each;1.00;0.000;0;marcop;0;IMG_20260212_103119_1.jpg;;
"Base Led Multicolor";PRO0728;1;;"Fam Art";Outros;;Decoração;;;;;;"12-02-2026 19:08:06";marcop;"12-02-2026 19:08:27";marcop;0;;;23;;;0;Each;1.00;'-1.000;0;marcop;0;;;
"Porta-chaves matrícula";PRO0729;1;;"Fam Art";"Eventos Diversos";;"Dia dos Namorados";;;;;;"14-02-2026 15:14:39";josep;"14-02-2026 15:15:25";josep;0;;;8;;;0;Each;1.00;999998.000;0;josep;0;IMG_1723.jpeg;;
"Bloco de Notas OCSOB";PRO0730;1;;"Fam Art";"Para Profissionais";Vendors::::Makito;Aplicações;5301;;;;;"18-02-2026 17:53:58";marcop;"18-02-2026 17:54:07";marcop;0;;;1.54;;;0;Each;1.00;'-30.000;0;marcop;0;COLLAGE.jpg;;
"Bloco de Notas XULIC";PRO0731;1;;"Fam Art";"Para Profissionais";Vendors::::Makito;Aplicações;4060;;;;;"19-02-2026 11:35:30";marcop;"19-02-2026 11:36:27";marcop;0;;;1.9;;;0;Each;1.00;'-50.000;0;marcop;0;COLLAGE-_1_.jpg;;
"Cartões de visita";PRO0732;1;;"Fam Art";"Para Profissionais";;"Cartões Visita";;;;;;"24-02-2026 10:48:28";marcop;"15-06-2026 08:53:22";marcop;0;;;10;;;0;Each;100.00;999982.000;0;marcop;0;;;
"DTF UV Metro";PRO0733;1;;"Fam Art";Outros;;Diversos;;;;;;"24-02-2026 10:58:54";marcop;"01-07-2026 19:02:31";marcop;0;;;20;;;0;M;1.00;'-7.000;0;marcop;0;;;
"DTF Textil";PRO0734;1;;"Fam Art";Outros;;Diversos;;;;;;"28-02-2026 10:44:30";marcop;"04-06-2026 10:52:50";marcop;0;;;10;;;0;M;1.00;'-2.000;0;marcop;0;;;
Lona;PRO0735;1;;"Fam Art";"Para Profissionais";;Aplicações;;;;;;"04-03-2026 19:54:46";marcop;"24-07-2026 14:22:33";marcop;0;;;45.98;;;0;"Sq Ft";1.00;'-4.020;0;marcop;0;;;
"Bandeira Retangular";PRO0736;1;;"Fam Art";"Para Profissionais";Vendors::::Adivin;Aplicações;;;;;;"06-03-2026 11:11:46";marcop;"10-03-2026 15:30:31";marcop;0;;;;;;0;Each;1.00;'-1.000;0;marcop;0;;;
Flyer;PRO0737;1;;"Fam Art";"Para Profissionais";;"Cartões Visita";;;;;;"06-03-2026 11:13:22";marcop;"15-06-2026 08:53:36";marcop;0;;;;;;0;Each;1.00;999998.000;0;marcop;0;;;
"Saco GNIKAES";PRO0738;1;;"Fam Art";Outros;Vendors::::Makito;Diversos;1451;;;;;"06-03-2026 11:17:31";marcop;"06-03-2026 11:18:09";marcop;0;;;1.5;;;0;Each;1.00;0.000;0;marcop;0;1451-000-10.jpg;;
"Bloco de Notas ZIMUT";PRO0739;1;;"Fam Art";Outros;;Diversos;;;;;;"09-03-2026 19:59:13";josep;"09-03-2026 19:59:41";josep;0;;;;;;0;Each;1.00;999990.000;0;josep;0;;;
"Régua Crescimento Desenhos";PRO0740;1;;"Fam Art";Outros;;Decoração;;;;;;"10-03-2026 12:21:28";marcop;"10-03-2026 12:21:28";marcop;0;;;60;;;0;Each;1.00;1000000.000;0;josep;0;;;
"Porta-chaves duas faces";PRO0741;1;;"Fam Art";Outros;;"Porta Chaves";;;;;;"18-03-2026 19:11:24";marcop;"30-04-2026 18:28:57";josep;0;;;8;;;0;Each;1.00;999995.000;0;josep;0;WhatsApp-Image-2026-02-15-at-16.57.27.jpeg;;
"Melhor Pai Awards";PRO0742;1;;"Fam Art";"Eventos Diversos";;"Dia Do Pai";;;;;;"20-03-2026 17:44:23";marcop;"20-03-2026 17:45:10";marcop;0;;;17;;;0;Each;1.00;999999.000;0;marcop;0;WhatsApp-Image-2026-03-20-at-17.43.18.jpeg;;
"Garrafa OTNEM";PRO0743;1;;"Fam Art";Bebidas;Vendors::::Makito;Garrafas;3384;;;;;"10-04-2026 22:36:44";marcop;"10-04-2026 22:37:02";marcop;0;;;5;;;0;Each;1.00;'-150.000;0;marcop;0;COLLAGE-_2_.jpg;;
"T-shirt Desporto";PRO0744;1;;"Fam Art";"Para Profissionais";Vendors::::Pubeivil;Camisolas;"BUGATTI 6399";;;;;"22-04-2026 11:01:22";marcop;"30-06-2026 17:42:25";marcop;0;;;15;2.27;;0;Each;1.00;'-28.000;0;marcop;0;p_6399_0201_1_1.jpg;;
"Moldura LED Spotify";PRO0745;1;;"Fam Art";"Eventos Diversos";;"Dia dos Namorados";;;;;;"23-04-2026 21:17:33";josep;"23-04-2026 21:17:45";josep;0;;;23;;;0;Each;1.00;999999.000;0;josep;0;;;
"Suporte De Matrícula";PRO0746;1;;"Fam Art";"Para Profissionais";"Vendors::::Mais Brindes";Aplicações;PP50185;;;;;"29-04-2026 21:45:49";marcop;"29-04-2026 21:47:09";marcop;0;;;2.5;;;0;Each;1.00;'-25.000;0;marcop;0;6714470b-2223-4591-9880-7d5cf59accb2.jpg;;
"Papel expositores XXL";PRO0747;1;;"Fam Art";"Para Profissionais";;Aplicações;;;;;;"01-05-2026 10:29:39";marcop;"01-05-2026 10:32:55";marcop;0;;;10;;;0;Each;1.00;'-2.000;0;marcop;0;;;
"Papel expositores dobrado";PRO0748;1;;"Fam Art";"Para Profissionais";;Aplicações;;;;;;"01-05-2026 10:31:56";marcop;"01-05-2026 10:32:53";marcop;0;;;5;;;0;Each;1.00;'-20.000;0;marcop;0;;;
"Mochila Nairod";PRO0749;1;;"Fam Art";"Para Profissionais";Vendors::::Makito;Mochilas;4466;;;;;"12-05-2026 20:01:23";marcop;"12-05-2026 20:01:45";marcop;0;;;9;;;0;Each;1.00;'-20.000;0;marcop;0;4466-000-10.jpg;;
Anilha;PRO0750;1;;"Fam Art";Outros;;Diversos;;;;;;"14-05-2026 16:27:10";marcop;"14-05-2026 16:27:33";marcop;0;;;0.7;;;0;Each;1.00;999550.000;0;marcop;0;;;
"Lembrança Caminho mais bonito";PRO0751;1;;"Fam Art";"Cerimonias Religiosas";;"1* Comunhão";;;;;;"16-05-2026 12:03:56";marcop;"16-05-2026 12:07:10";marcop;0;;;1.85;;;0;Each;1.00;999947.000;0;marcop;0;WhatsApp-Image-2026-05-16-at-11.58.54.jpeg;;
"Garrafa Térmica POLOZ";PRO0752;1;;"Fam Art";Bebidas;Vendors::::Makito;Garrafas;1760;;;;;"02-06-2026 11:39:40";marcop;"02-06-2026 11:40:13";marcop;0;;;14;;;0;Each;1.00;'-13.000;0;marcop;0;4976-000-10.jpg;;
"Chapeu NIVRAM";PRO0753;1;;"Fam Art";"Para Profissionais";;Aplicações;;;;;;"11-06-2026 11:35:29";marcop;"22-07-2026 10:25:26";marcop;0;;;5;;;0;Each;1.00;'-235.000;0;marcop;0;8538-000-10.jpg;;
Equipamentos;PRO0754;1;;"Fam Art";"Para Profissionais";;Camisolas;;;;;;"18-06-2026 10:49:54";marcop;"28-07-2026 09:41:29";marcop;0;;;13;;;0;Each;1.00;999943.000;0;marcop;0;;;
"Caixa Com Flor Finalistas";PRO0755;1;;"Fam Art";"Eventos Diversos";;Finalistas;;;;;;"02-07-2026 08:58:56";marcop;"02-07-2026 08:59:54";marcop;0;;;2.25;;;0;Each;1.00;'-7.000;0;marcop;0;;;
"Flor Educadora";PRO0756;1;;"Fam Art";"Eventos Diversos";;Finalistas;;;;;;"02-07-2026 09:01:09";marcop;"02-07-2026 09:02:10";marcop;0;;;3.2;;;0;Each;1.00;'-10.000;0;marcop;0;;;
"Toalha Praia IRATOB";PRO0757;1;;"Fam Art";Outros;Vendors::::Makito;Diversos;20751;;;;;"11-07-2026 09:36:17";marcop;"11-07-2026 09:36:43";marcop;0;;;5;;;0;Each;1.00;'-20.000;0;marcop;0;20751-000-12.jpg;;
"Chapeu OSPILAC";PRO0758;1;;"Fam Art";"Para Profissionais";Vendors::::Makito;Aplicações;20834;;;;;"22-07-2026 10:23:57";marcop;"22-07-2026 10:25:28";marcop;0;;;5;;;0;Each;1.00;'-20.000;0;marcop;0;20834-002-P.jpg;;
